EID_22713,0.19306551852529785
EID_9658,0.19294337155926872
EID_22203,0.18198227866788683
EID_7652,0.19683081881525266
EID_6516,0.19714557233928584
EID_20283,0.19066703363573945
EID_21014,0.1975638612736831
EID_7693,0.18694121103230898
EID_13232,0.19256314165813201
EID_6515,0.18284998644159586
EID_13639,0.18187554196270383
EID_14669,0.1826135504465051
EID_16537,0.19606841233392489
EID_5782,0.18835014570956293
EID_20157,0.18570944542461737
EID_1855,0.16927984502942112
EID_20748,0.19875104967427276
EID_23179,0.1913690621242192
EID_12838,0.18729367251865167
EID_21656,0.19500280564396907
EID_8844,0.17764741095687778
EID_1536,0.19154778802870365
EID_8822,0.18137828265980965
EID_11398,0.19177476057956575
EID_12965,0.1917616919296832
EID_5204,0.1907251427171836
EID_10030,0.20373891033649025
EID_13227,0.1796485113231073
EID_20607,0.1937027151442611
EID_14070,0.1924949602121571
EID_3755,0.1869481817145276
EID_5459,0.18784504565935137
EID_7697,0.19233664203531753
EID_3935,0.19338239032639787
EID_19046,0.1897307377589573
EID_4040,0.1804794603776308
EID_17730,0.1769951589512078
EID_4995,0.18911962202796537
EID_24653,0.1950186126978592
EID_6978,0.1889588327866216
EID_13775,0.18667347799201436
EID_14608,0.19174114879149068
EID_3148,0.1871285076265933
EID_24868,0.1889736175697422
EID_5521,0.18606553481433394
EID_21155,0.19058937787234148
EID_3840,0.1884357543804596
EID_10646,0.18371206940360352
EID_6711,0.18787134975117467
EID_16247,0.1993331272076989
EID_16789,0.19411645665710206
EID_17967,0.19338426563240685
EID_13270,0.20388586992469612
EID_18462,0.19132556483870453
EID_22248,0.19024239812359178
EID_22693,0.1863389087764141
EID_25662,0.18195845421023488
EID_23346,0.1983424368450558
EID_4437,0.19252932710371815
EID_18108,0.1882208778346442
EID_7000,0.18387587820047713
EID_22770,0.20006013866554345
EID_7816,0.18536929019620307
EID_19615,0.19207508407296298
EID_23807,0.18276283838758706
EID_16764,0.1967298616244895
EID_16818,0.18481774846189578
EID_22712,0.19527063155955401
EID_18198,0.19832966474922945
EID_11154,0.18701113440624112
EID_22137,0.18837001560255134
EID_11655,0.1932648981554838
EID_18514,0.1879016872365969
EID_24742,0.1826955290590185
EID_16019,0.1850291078199222
EID_7357,0.18566953174991727
EID_20106,0.1842530240956369
EID_13284,0.19064562595275308
EID_5451,0.1782532131492085
EID_19728,0.1967248355907508
EID_9178,0.18348697484942206
EID_13177,0.18766042932874258
EID_14300,0.19109269476265162
EID_4379,0.1840447223850042
EID_11285,0.18467449355369156
EID_14882,0.18669042474847145
EID_9969,0.1885404531403334
EID_23643,0.18602363313692258
EID_5935,0.17949207960774088
EID_7741,0.19253384473740479
EID_6176,0.18634775211907612
EID_5418,0.19348105340479674
EID_20626,0.19257198147166862
EID_1725,0.18903232427738545
EID_14317,0.1950288637835518
EID_12120,0.19343060764978967
EID_20264,0.17722119225122485
EID_16691,0.17718650693525165
EID_1093,0.18564498631602638
EID_2565,0.18221898849330942
EID_11463,0.18801678500247954
EID_12005,0.18493935368553732
EID_10326,0.19368986451536369
EID_12582,0.1986332109868929
EID_18228,0.19610070577377792
EID_11670,0.19799192182855407
EID_24257,0.18840420692951432
EID_7024,0.18916112813543534
EID_10382,0.1862894207572967
EID_20210,0.1960776804372496
EID_10294,0.18660330097690678
EID_19941,0.19330972663867974
EID_25572,0.19553404713917244
EID_7758,0.18537905301037272
EID_22718,0.18446502932308603
EID_1078,0.1863657055381964
EID_8227,0.18501746090182955
EID_1702,0.18373633745792717
EID_3532,0.1938792936718796
EID_22452,0.19362170384894029
EID_3019,0.1892896434710325
EID_22264,0.18569876321781037
EID_9866,0.17670635400293605
EID_3520,0.1837815239486702
EID_21098,0.19885148987771165
EID_1186,0.1858588086540877
EID_12355,0.1898613450214281
EID_11020,0.17893420624205533
EID_19193,0.18182726838745775
EID_17787,0.18748818952098714
EID_13719,0.19381279922944888
EID_24449,0.18960630170378953
EID_12957,0.19440538588817913
EID_24794,0.19127469271207773
EID_2866,0.17609069383190254
EID_10563,0.2006520688359079
EID_22492,0.18312321720402255
EID_4106,0.19155823873875408
EID_6648,0.19796064829635796
EID_7209,0.19346542308122083
EID_9692,0.18729199853438516
EID_22763,0.1916140804198771
EID_12622,0.19589744915438662
EID_9831,0.1873824052599677
EID_5731,0.18284187925031856
EID_1114,0.17706825415661676
EID_25017,0.19640654065837074
EID_22956,0.19391003744246696
EID_5549,0.19671680756804588
EID_12022,0.19091522424504032
EID_8034,0.17997161847368326
EID_20644,0.18939785133422588
EID_20125,0.18698984243942451
EID_21957,0.18812810584054548
EID_8870,0.18787293383380224
EID_2305,0.1812094548136136
EID_3977,0.18839743817603946
EID_14845,0.18827467341446652
EID_6629,0.18520684985291647
EID_14577,0.1859390625132313
EID_24509,0.19303441189089338
EID_1530,0.18610719450159066
EID_21524,0.18906285161257055
EID_6647,0.17950021635864094
EID_19730,0.1974880096100096
EID_4424,0.18852353422787144
EID_7964,0.1848546213601639
EID_6289,0.1826333485604189
EID_2899,0.19453914377264625
EID_2827,0.17970635764965648
EID_8801,0.1750046586495615
EID_20454,0.1975202441932584
EID_18988,0.19050853225204167
EID_8405,0.1964632892565738
EID_14497,0.18820640137072406
EID_11769,0.19746659153902663
EID_21353,0.18374470145702507
EID_2221,0.18760299326458765
EID_13218,0.18117712724095103
EID_4576,0.19176676246994356
EID_17470,0.19435009816269164
EID_14817,0.18419085843767607
EID_21845,0.20021961285401652
EID_21987,0.19213335689394365
EID_1168,0.18389521365182646
EID_14315,0.19220129958605667
EID_5043,0.1903566828398071
EID_1967,0.19024974816296583
EID_22274,0.18526938938528173
EID_11091,0.1857514628970688
EID_18421,0.1807300908418132
EID_8316,0.19023222763282485
EID_13308,0.19498865674441346
EID_19481,0.18755031424236732
EID_17732,0.197175478683782
EID_4504,0.18631115837006101
EID_2539,0.1883221284572943
EID_19529,0.18760474964499727
EID_2279,0.1884790864932631
EID_14508,0.18418894549596498
EID_12241,0.18495342797186454
EID_11530,0.18435857923173438
EID_20147,0.18438812202583188
EID_6154,0.18868049462053166
EID_3523,0.18513892305975274
EID_20453,0.1976600093513413
EID_11929,0.19703287854831597
EID_12840,0.1929577171785481
EID_22320,0.1867525929208903
EID_25383,0.19224236125892794
EID_10731,0.20090838239311026
EID_1017,0.17400906583985642
EID_1819,0.1840350584198323
EID_22849,0.19598395337682706
EID_12290,0.19379079881511482
EID_24238,0.19387608063172804
EID_3105,0.1864906838836944
EID_14242,0.19143930427635542
EID_16569,0.1912688937807065
EID_8094,0.19201147110950695
EID_7824,0.18442738593394112
EID_8978,0.18359601070079162
EID_25314,0.2000794148125168
EID_17810,0.18847954427239777
EID_14856,0.18736474861442848
EID_22144,0.19808981316161076
EID_23603,0.19110504974007533
EID_7211,0.18561533685203
EID_19340,0.19575732904127832
EID_1501,0.18748647170621757
EID_22111,0.18925002017506734
EID_16147,0.19027156089093641
EID_16746,0.19309681249500718
EID_20777,0.18676625316177853
EID_12999,0.18295587804767413
EID_21663,0.19508179222525196
EID_11862,0.19568531303648065
EID_17683,0.20329127950663042
EID_19819,0.19893489369764417
EID_21562,0.1962290547382255
EID_24390,0.1803249591930504
EID_14444,0.2034964018079433
EID_3261,0.18050881290042653
EID_7752,0.18015844975594722
EID_3033,0.18085392102081052
EID_22433,0.17526765217596896
EID_23727,0.18223291446274403
EID_24107,0.18238417282802527
EID_22537,0.2008329492275179
EID_13645,0.19840159892846754
EID_16021,0.19268430339083528
EID_19800,0.18271204807812985
EID_1944,0.18350923002230074
EID_15868,0.1918260501666335
EID_22188,0.190323955050937
EID_13833,0.18760369781460498
EID_15028,0.1933604411747549
EID_24861,0.18479238300178463
EID_13033,0.19165303556101415
EID_23673,0.18653400455858077
EID_13265,0.18830302952866051
EID_23411,0.19463138886499617
EID_3761,0.17579380191000984
EID_7299,0.18252726172756017
EID_2379,0.19351819247296184
EID_18863,0.1992910291869966
EID_12115,0.1829335166526683
EID_23879,0.18815668675256436
EID_16586,0.18831327808847345
EID_19003,0.19534020490770662
EID_11107,0.2003442426477253
EID_15416,0.19562963180543724
EID_19214,0.19131778679934341
EID_5135,0.19557831081085453
EID_22464,0.19042624043133555
EID_22759,0.18202579046984474
EID_17833,0.19388185386572349
EID_17627,0.19637671966016956
EID_25730,0.1801643571698564
EID_2377,0.19114781121657562
EID_18085,0.19643122050042222
EID_14096,0.19383428549867052
EID_8384,0.1908338635821158
EID_17105,0.19567255495478775
EID_9929,0.18924136325288174
EID_13267,0.18927975263735558
EID_12954,0.19268765165693078
EID_4464,0.18498859387042582
EID_11464,0.1869464549991422
EID_19308,0.19079497119475114
EID_17530,0.19266905039495053
EID_6981,0.18318928117479266
EID_19951,0.18292022835406357
EID_1100,0.18907630171555928
EID_25145,0.19947556016292037
EID_15614,0.19130888481403957
EID_2961,0.18883667009836272
EID_1742,0.1924912043919778
EID_2843,0.1873925166667422
EID_9549,0.1840179883571826
EID_12832,0.1893804225276116
EID_17914,0.19628901491654233
EID_22832,0.17362091293677248
EID_5755,0.1921486775527367
EID_1141,0.17007024354780798
EID_18954,0.19078599273993666
EID_10824,0.18447414170945745
EID_24478,0.19640791367872334
EID_14916,0.19508699408589808
EID_4434,0.1836674959415935
EID_23650,0.19742815598746824
EID_16556,0.186679956004274
EID_24656,0.18575720809407537
EID_25965,0.19945029067643735
EID_9279,0.1995026162500129
EID_13802,0.1934961781756019
EID_2748,0.19313123620784906
EID_17346,0.1999468964646171
EID_1171,0.18532037938005602
EID_1552,0.18987285498849638
EID_20674,0.18807800707021788
EID_2475,0.19383234073692585
EID_16714,0.19088843945650552
EID_7857,0.18686050993713507
EID_3294,0.19206364755593788
EID_2280,0.1873486949921965
EID_10203,0.19483363331916156
EID_22162,0.19830945780695475
EID_10438,0.1932084487961142
EID_12898,0.1878469620076744
EID_4358,0.18701925391313623
EID_6179,0.19136273996087916
EID_2538,0.1813715130960828
EID_13110,0.18266312378621136
EID_24585,0.18817469891416547
EID_1006,0.18251609233051355
EID_11632,0.19202823965580035
EID_21011,0.1864490312806929
EID_16869,0.19743169126361026
EID_20564,0.1993971601376639
EID_12996,0.1993751674038747
EID_1503,0.17299764553035796
EID_23053,0.1894997409396374
EID_22049,0.18241560773467644
EID_4346,0.19345645379519066
EID_1887,0.18130052238152214
EID_16849,0.19674640175037952
EID_10071,0.19137302842519505
EID_11265,0.1985152059283635
EID_12611,0.1966868765047555
EID_25542,0.18191713615045166
EID_11582,0.19683833350899163
EID_19550,0.18748717324818903
EID_5351,0.18192675758632892
EID_3305,0.19564567091155793
EID_18846,0.20056912966036713
EID_24764,0.19874005711524265
EID_2191,0.18905008021287278
EID_6314,0.17751972445410324
EID_23248,0.19442484984706102
EID_4570,0.19074528905480082
EID_16415,0.18157386793574315
EID_11002,0.19089413855387624
EID_20498,0.1856326808856661
EID_7846,0.20120021850211664
EID_24121,0.1834189885949745
EID_7536,0.17695686280450457
EID_2015,0.1857407257138416
EID_7934,0.19871841028181797
EID_20903,0.18444123464458173
EID_17535,0.19449321295259606
EID_19760,0.19035572091105374
EID_9550,0.18542019446791766
EID_4261,0.1818636337751281
EID_19753,0.1894111399664789
EID_13542,0.19730310907535684
EID_24283,0.18822890991071525
EID_7552,0.1933378990524277
EID_11577,0.18908325470514248
EID_3228,0.18924861098744042
EID_17468,0.19643360838506246
EID_15815,0.18276999321160228
EID_2093,0.1845506517097209
EID_21356,0.18160100319140807
EID_12357,0.18747884531063203
EID_18495,0.186739361454988
EID_5098,0.19106251038041247
EID_12691,0.19108440947533406
EID_13240,0.18974915736137746
EID_19312,0.1855971552315045
EID_23914,0.19036885196061845
EID_23175,0.19219176993276477
EID_15413,0.1994479748875359
EID_4785,0.1919016639541458
EID_25933,0.19425204494638065
EID_22705,0.18737842731939267
EID_19350,0.18346413218712124
EID_5369,0.19195513358309146
EID_20410,0.19500483722882656
EID_12557,0.19701048908140012
EID_17678,0.1842272831755385
EID_1342,0.19280991154790905
EID_12230,0.19000239307030978
EID_1311,0.18487232294518535
EID_5860,0.19413347747970358
EID_4259,0.1880930244875742
EID_10209,0.19069276747158265
EID_2300,0.18868383755628432
EID_17408,0.19287636311185344
EID_1883,0.18468453796715523
EID_1053,0.18737482623076376
EID_23610,0.18708409662984274
EID_17585,0.18669192260710338
EID_20845,0.19068144574635185
EID_15683,0.19220320505835775
EID_11976,0.194446019501478
EID_12031,0.18979806361914892
EID_1711,0.18780998114208872
EID_6239,0.1849615835204889
EID_25541,0.1749264023069834
EID_9308,0.19596532710217798
EID_18168,0.19701968124405514
EID_11934,0.18879958257429977
EID_23472,0.19381959176895247
EID_13731,0.18697744399364602
EID_16069,0.19345053313342495
EID_18276,0.18448772744285064
EID_6141,0.18827194584622728
EID_12061,0.18766002084189332
EID_9450,0.18961866843493586
EID_21730,0.19008092202400742
EID_19506,0.19214472572205607
EID_13552,0.19083223473871527
EID_9945,0.18886449337545347
EID_1924,0.1800114440681055
EID_18453,0.1873878126326891
EID_20225,0.1975734938051072
EID_18673,0.1916858122206308
EID_11420,0.19373197570775189
EID_16631,0.19302486926110823
EID_21237,0.18659286579523365
EID_5015,0.2022572384502848
EID_20179,0.20266807580406984
EID_12073,0.18907241204825584
EID_21147,0.18592102442297598
EID_6714,0.1926285451292447
EID_10645,0.18930206062022345
EID_18298,0.19658616255574954
EID_2640,0.17676463915095614
EID_2318,0.17902691487467043
EID_25226,0.19280519472249316
EID_24099,0.18310411491355102
EID_20938,0.19152581910075486
EID_8377,0.19101371775125003
EID_7023,0.18852031729055177
EID_11385,0.19404925039882673
EID_15016,0.18656129434325533
EID_25794,0.19103505960107922
EID_11494,0.19839572002781894
EID_2425,0.189862891229017
EID_9847,0.1947939675671077
EID_3570,0.17989764366331684
EID_13573,0.1992757696539406
EID_13780,0.1885013461187839
EID_2949,0.18678643108848283
EID_19834,0.18805643283450982
EID_11384,0.1886815662386514
EID_23154,0.19269306253896593
EID_9337,0.18805938188827376
EID_3653,0.19804312732682386
EID_4850,0.1800628374920753
EID_16283,0.18877180084150091
EID_5107,0.17849189487834785
EID_25156,0.19000371019931953
EID_17223,0.18288022138253424
EID_14695,0.1810614412990647
EID_11374,0.18220688078035613
EID_13672,0.19691010499472342
EID_6782,0.1832243538822581
EID_25074,0.1895096532224633
EID_21087,0.1967002165673192
EID_13017,0.2024442089186098
EID_9947,0.1999002206410621
EID_21221,0.18847869025372424
EID_21639,0.18432941327730268
EID_20333,0.19124781516237602
EID_2970,0.18949955883872674
EID_7624,0.18871837000002095
EID_15741,0.1899595647230121
EID_1312,0.18705748604018002
EID_19575,0.1785521044851648
EID_21047,0.18479215370368057
EID_11969,0.19519313624623566
EID_19145,0.18746283436401362
EID_9871,0.19188080086501688
EID_18852,0.1894936104386993
EID_22326,0.20011372273335018
EID_7259,0.19460096407429495
EID_21920,0.18690229298282168
EID_1436,0.1853942044734094
EID_8261,0.19301816122051985
EID_23228,0.19334920238103123
EID_5560,0.18113785180736602
EID_22357,0.1902032282425365
EID_4816,0.19890440615317054
EID_10000,0.20013384434075154
EID_21908,0.18194811690054663
EID_14887,0.18845520763164905
EID_12497,0.19826992943618618
EID_17976,0.19319083800185402
EID_17356,0.18489312548975728
EID_9785,0.19169701547000284
EID_16224,0.192309952162959
EID_6020,0.19067467951875666
EID_20716,0.19193520319871032
EID_11351,0.19631669662234694
EID_20899,0.19219760503141028
EID_9718,0.18745587883070797
EID_9479,0.18293657941391162
EID_25048,0.18660960589624187
EID_23370,0.1857536630080852
EID_13877,0.1801862861580491
EID_12256,0.19296170891373168
EID_1903,0.17844594611846243
EID_8830,0.18480082885330523
EID_22060,0.19096323850639782
EID_11996,0.19302281886710485
EID_21061,0.19731852477313794
EID_22604,0.19083898314059863
EID_18463,0.1911615125604052
EID_11375,0.19423702340360932
EID_2685,0.1855925046577531
EID_16010,0.18851901582188557
EID_19288,0.19146378785398624
EID_9283,0.18692928667862208
EID_11122,0.17943821500514343
EID_6638,0.18729884460015017
EID_25516,0.1894378004722084
EID_3864,0.19048998730936437
EID_9746,0.18048002048225123
EID_8407,0.1857750747986438
EID_25463,0.19396001130706658
EID_23098,0.1810424604402605
EID_22512,0.18260115200072663
EID_14671,0.17844088393673438
EID_18482,0.189092191150483
EID_8151,0.1933604828217486
EID_16624,0.19337014580191778
EID_1983,0.1786754805796548
EID_18445,0.19103912589599506
EID_11891,0.19859647634761074
EID_2010,0.1877120908466722
EID_4592,0.1812728128585855
EID_17412,0.1988492252113734
EID_24883,0.18460421603498603
EID_15661,0.19236882333197344
EID_11757,0.18882362177186995
EID_2627,0.18116146130557484
EID_13243,0.1960377199933162
EID_10917,0.19431146052245
EID_4360,0.18230327732471294
EID_13536,0.19291292029586085
EID_10695,0.19245592061384736
EID_5746,0.17489514074803478
EID_1178,0.19804681808970354
EID_15290,0.19245154551021676
EID_3540,0.18465291941229528
EID_14684,0.19795035808955133
EID_7914,0.19402139278724434
EID_23733,0.1931137942555533
EID_5907,0.1872572968456865
EID_5142,0.1815085633751142
EID_7686,0.19421901155781374
EID_12078,0.19687081783624774
EID_4880,0.1847562104291385
EID_1527,0.18710177004364192
EID_15919,0.20100184862540035
EID_1260,0.18952711626172605
EID_22377,0.19064219178792022
EID_7876,0.17913823413104382
EID_1213,0.18002138954508098
EID_4161,0.18574329112423688
EID_3214,0.1899138966120408
EID_17651,0.19574050207973126
EID_8005,0.1852467051123629
EID_12852,0.19308098374361124
EID_21465,0.1877174271269006
EID_7371,0.18723237421833788
EID_25687,0.19241387551725767
EID_17222,0.1878069849968648
EID_1994,0.18518920480030168
EID_22384,0.19036460647013598
EID_6344,0.18316306945542316
EID_18801,0.18385505595164825
EID_13688,0.19751038583779087
EID_13779,0.19398183006184053
EID_24969,0.18810877688358293
EID_15311,0.18842067094837395
EID_9095,0.19249755243729733
EID_11675,0.18590343334439433
EID_14870,0.1909852694919904
EID_1575,0.18860187032072878
EID_7440,0.19575402060081548
EID_24259,0.19162402704861622
EID_19501,0.1930642058469614
EID_23743,0.188012063610298
EID_13287,0.1895514140008856
EID_2226,0.17972522772153676
EID_22439,0.17810969524947243
EID_16078,0.18834462371640837
EID_18895,0.19468677484226488
EID_19860,0.18502905760326135
EID_24564,0.1802676553736567
EID_21747,0.18274179842518856
EID_4659,0.1925232457779104
EID_24149,0.18746299204298258
EID_13300,0.184011237543543
EID_16950,0.18810501506260469
EID_23778,0.19291980722489868
EID_14691,0.19990599129011924
EID_10789,0.18657509421724555
EID_5525,0.18629318522384056
EID_19424,0.19839114683840658
EID_6171,0.17750834921133304
EID_19569,0.18029038190128044
EID_4602,0.19473626911610056
EID_17919,0.1945777002034296
EID_4286,0.18165940802860478
EID_1973,0.18510904830737526
EID_25715,0.19208590014387825
EID_23385,0.1902422483193184
EID_13681,0.1944551893703376
EID_25410,0.19480695957429753
EID_18267,0.1960533986940508
EID_15252,0.19082990066730998
EID_23214,0.2000804945067159
EID_18551,0.20011049872319692
EID_2401,0.18445089629427802
EID_7609,0.19454273470152542
EID_21291,0.1986061117385628
EID_10126,0.1958194326033106
EID_19714,0.1867812925778987
EID_4911,0.18870840635466504
EID_12505,0.185843576870715
EID_10377,0.19075976919636425
EID_3407,0.17415208090988377
EID_3386,0.1826083981948086
EID_7623,0.19064599217650738
EID_19517,0.18949376972559365
EID_21782,0.19346796102794409
EID_12361,0.1931815793831191
EID_21171,0.1914760602308515
EID_17836,0.20144745371144537
EID_20286,0.18817162506879698
EID_25798,0.18189141566786646
EID_15699,0.18843780073011712
EID_17006,0.1844166003466921
EID_22476,0.18741844423470522
EID_9406,0.19105047134819597
EID_13559,0.1861913808589906
EID_1340,0.1836593190579436
EID_17848,0.19414828143445034
EID_20358,0.18685457197177902
EID_14265,0.19026493831076643
EID_9820,0.18724231436497055
EID_13755,0.1832626690397893
EID_13293,0.19137509412805087
EID_25837,0.19304279816397504
EID_20466,0.18233569560840776
EID_11032,0.19837714649571037
EID_2399,0.18719647216925062
EID_23917,0.19212981923424707
EID_17011,0.1949671987689275
EID_8967,0.1759781727475714
EID_24468,0.19440730235062562
EID_8435,0.1828780684771012
EID_17953,0.18756275225900043
EID_7140,0.18766514659550906
EID_24404,0.18667990489010078
EID_14380,0.1864814152184745
EID_1232,0.19013951339580398
EID_1573,0.19176863182950843
EID_3684,0.18972372633430876
EID_15824,0.18479573254518883
EID_9212,0.18701387340097586
EID_21121,0.18354296198757777
EID_6346,0.19262026517227002
EID_9525,0.186580852987035
EID_9726,0.1937259301023054
EID_2526,0.17480238133489479
EID_4228,0.1854213499354988
EID_14595,0.19654521369337202
EID_15856,0.19375467893833448
EID_6768,0.19341908706377828
EID_23953,0.18893769474110336
EID_19059,0.19104910093259334
EID_5268,0.1848364430290953
EID_7619,0.1825163136666617
EID_23028,0.1967283345771051
EID_22104,0.1905283606007382
EID_10318,0.19744539904373024
EID_25369,0.19496927404166464
EID_16633,0.19187033601798759
EID_15848,0.19501451129312092
EID_2240,0.1883619413070285
EID_1059,0.18437153865983394
EID_9315,0.1849157468947803
EID_15388,0.18600747183252564
EID_9984,0.18541829888433498
EID_4296,0.19030069056397036
EID_10927,0.18439627043417395
EID_25054,0.1886524029158328
EID_1884,0.17935014593915025
EID_21960,0.18468386776305118
EID_5572,0.1907555238200052
EID_16872,0.1893832036162531
EID_24525,0.18716626817064513
EID_14237,0.1849723559823948
EID_7114,0.19789455465184164
EID_7448,0.18789252407809062
EID_17668,0.1869531143373136
EID_7674,0.19163970758582138
EID_5884,0.19025630936651106
EID_13942,0.19088695791836183
EID_13098,0.1911176655191004
EID_7695,0.1987338899992585
EID_5350,0.1823792898862378
EID_22853,0.17464523835829904
EID_2385,0.1806396725385177
EID_18006,0.19344902834491481
EID_12875,0.19466741987777778
EID_5478,0.19274656146489308
EID_18690,0.18486375451127565
EID_12545,0.1977529427351065
EID_13888,0.19162475670561416
EID_9732,0.18823874806833804
EID_18001,0.19791165818912507
EID_17479,0.2004846424095336
EID_23757,0.1902625829127256
EID_1303,0.1857614425356858
EID_5375,0.18034596706994646
EID_5869,0.18707750642214876
EID_8825,0.18880963634954148
EID_22567,0.1804626088998303
EID_16273,0.18525781462658672
EID_20618,0.1859654611875826
EID_3608,0.18877411068395825
EID_8806,0.19162345326351068
EID_23170,0.1916247592314938
EID_12243,0.1958011033791331
EID_20089,0.1849732967016677
EID_16852,0.18928642610378385
EID_18312,0.187328695932973
EID_14010,0.18996934545720534
EID_14705,0.19731625187025414
EID_20956,0.2006768385795983
EID_18794,0.19085109728802138
EID_1629,0.18908697135839164
EID_25483,0.19936625344532335
EID_4542,0.1817301335966242
EID_10076,0.19374427475784883
EID_9469,0.18772985146304857
EID_25284,0.19058475758004753
EID_11972,0.19716096797935007
EID_1798,0.1868817787677087
EID_21903,0.1905366518091257
EID_20031,0.1907223296999476
EID_20365,0.18924870534172153
EID_9210,0.19116060265877882
EID_19750,0.18979624310495644
EID_4006,0.180857075539975
EID_24922,0.1920087154606357
EID_4760,0.18621363480123532
EID_11035,0.18756675759579886
EID_21008,0.19543126314237075
EID_23731,0.18092382763487275
EID_21788,0.19247231447245272
EID_5428,0.1900558688398503
EID_14023,0.19112001773005416
EID_2937,0.1826827633320339
EID_16931,0.1816778728529601
EID_18299,0.18046405199201984
EID_6660,0.1920889674604655
EID_23187,0.19428903681502233
EID_14868,0.19803441976947012
EID_23247,0.18870150161972707
EID_15971,0.19020441096338564
EID_7852,0.17787577938378313
EID_7017,0.18909219878521177
EID_7494,0.19269479586200286
EID_18706,0.19014122287774737
EID_22784,0.1874356097423721
EID_10756,0.1892515691280608
EID_6854,0.18249258093253648
EID_12554,0.188845262772642
EID_1162,0.18393417347385252
EID_19581,0.1901475088738131
EID_2169,0.17774305975692545
EID_25149,0.1961620846139526
EID_22575,0.19980890843157423
EID_2265,0.18841252803117292
EID_19668,0.188182375298165
EID_19245,0.18298341460323128
EID_8194,0.18079864186195857
EID_8081,0.196729802160174
EID_8670,0.18848024388760673
EID_7992,0.19317219692935064
EID_6596,0.19224884738166134
EID_3699,0.19067531077492877
EID_9698,0.19234450059995672
EID_1847,0.1818060535194956
EID_16179,0.19655886068370407
EID_23663,0.18355291116905967
EID_24287,0.19186480177752258
EID_3527,0.16254637196434624
EID_18652,0.1962322463490397
EID_24110,0.18949594905705852
EID_21419,0.18685860468435886
EID_12865,0.18891374429340851
EID_9237,0.19776413998453826
EID_20408,0.19103867587627552
EID_22934,0.19898501127711768
EID_6492,0.18358721689963056
EID_20285,0.19299575203792546
EID_1286,0.18735838033360977
EID_12542,0.19485676305645597
EID_5523,0.18202566838569195
EID_1979,0.17744081409397416
EID_23146,0.19831253165232327
EID_4773,0.18675045941447163
EID_8785,0.19456674697947593
EID_4463,0.1904606336954323
EID_24028,0.18039809082051161
EID_20920,0.19491590150131494
EID_21392,0.19656554623750325
EID_4079,0.18570748994679026
EID_5173,0.1868765601388026
EID_22915,0.1898842599050128
EID_18347,0.19407207947093436
EID_7984,0.18644623261996063
EID_25148,0.19301916355608598
EID_4350,0.18986619125188892
EID_6909,0.18247838026063185
EID_10582,0.18970464448974045
EID_6248,0.18810726478257073
EID_10035,0.19863389531925385
EID_24603,0.19293704939506998
EID_1794,0.17767697808565663
EID_9407,0.19037108742981418
EID_2114,0.18776960924604463
EID_21125,0.18964207644378261
EID_15046,0.19598892281719987
EID_8058,0.1862946197846477
EID_1961,0.1756490962927301
EID_23324,0.18688494186493035
EID_21521,0.19701767086867816
EID_11043,0.1889526918350699
EID_6461,0.18406700963499525
EID_10398,0.19872273588223238
EID_20635,0.1816356037802192
EID_22940,0.1933959156120415
EID_8582,0.18644292566687856
EID_12770,0.19032604674989573
EID_15982,0.19128076178971634
EID_19692,0.1974366448134238
EID_18304,0.19738329168993124
EID_13603,0.1911683746107093
EID_6145,0.18328855475604494
EID_16587,0.20331764909796263
EID_16835,0.19590586988750497
EID_8399,0.17749373855877715
EID_7012,0.18497139655970946
EID_20575,0.1819793962653954
EID_20747,0.18702268741140327
EID_3907,0.19451078765845226
EID_22626,0.19391229029602391
EID_4442,0.18343325674235617
EID_18034,0.19744776756678217
EID_16055,0.20142096724378977
EID_21684,0.1922138401737048
EID_17499,0.186094364879633
EID_1222,0.17835858443548339
EID_17204,0.189164218090888
EID_22732,0.19818667440941798
EID_8539,0.18211493324530814
EID_23136,0.18327949259472442
EID_24470,0.19326896703533797
EID_17404,0.19455324707454386
EID_21498,0.19231227961832273
EID_19495,0.19228250620516935
EID_23966,0.1804684323588766
EID_1388,0.1883825768643496
EID_7374,0.18569643518159848
EID_25441,0.1975931352776922
EID_16616,0.19185762562990344
EID_7654,0.19158577243478325
EID_4217,0.19439969397776544
EID_9968,0.186093382856035
EID_17830,0.19827963992253284
EID_12023,0.19672754116308905
EID_24002,0.1827187924885333
EID_11371,0.1863156834303732
EID_11096,0.17894291014157748
EID_24835,0.19819809713183453
EID_17439,0.19237518154932304
EID_6587,0.19094756844560662
EID_21946,0.19428415272933452
EID_5431,0.18834477899201113
EID_4723,0.17821909368973746
EID_11535,0.18940824683092095
EID_2330,0.1897113584513988
EID_23531,0.188637917557718
EID_8913,0.18960493208701726
EID_21273,0.18847457264262116
EID_11927,0.1971090414964513
EID_1385,0.18176876768173605
EID_15758,0.20820627244890397
EID_1023,0.18235995965143983
EID_8959,0.19061181776632224
EID_12911,0.1911178044940266
EID_15925,0.1887742969102839
EID_17769,0.1991247074010038
EID_19842,0.18456966907783776
EID_15875,0.18521472625785024
EID_21284,0.1966821505458084
EID_24825,0.19399992816885375
EID_23825,0.18733982197578827
EID_13001,0.1910240607794675
EID_25601,0.18792725632965782
EID_24670,0.19699231487574653
EID_24412,0.18575177747098753
EID_18712,0.1838172034214284
EID_21138,0.18751603482370485
EID_19335,0.1840123644891416
EID_16753,0.19422811219046252
EID_24399,0.19288129034975854
EID_12567,0.18561306027150293
EID_22161,0.1891090571274107
EID_12609,0.18460237418576797
EID_22249,0.17675183908862122
EID_5314,0.18790189285137399
EID_1897,0.19641562449738542
EID_22507,0.17465430716252422
EID_2878,0.1915618455467709
EID_10098,0.1832986124200648
EID_18435,0.20385329992891837
EID_8063,0.1818370100948487
EID_3512,0.17512122086952236
EID_24444,0.19178426624324624
EID_9813,0.1892022345888912
EID_25132,0.19283292286158193
EID_5613,0.186452993718895
EID_14062,0.18199236794080542
EID_20073,0.1941998022900278
EID_12506,0.20835756812535983
EID_1092,0.19278714959465734
EID_15895,0.1905507485822421
EID_1039,0.18380027798018522
EID_22016,0.1979329506325454
EID_6764,0.1845235260239373
EID_17384,0.1944629104826845
EID_8705,0.18653876304241201
EID_14832,0.19144259687293375
EID_16473,0.19092511579465746
EID_11186,0.1913240154975247
EID_7476,0.18416999051914026
EID_19671,0.1894582832009361
EID_14001,0.1962428428584931
EID_10658,0.1917747929987165
EID_6668,0.18550468639964024
EID_13786,0.19368870772873126
EID_11224,0.1952329635400322
EID_13296,0.19408718338331765
EID_22145,0.180606460182631
EID_6494,0.18419448337967884
EID_1649,0.19224935474374122
EID_20878,0.18439034462363746
EID_3790,0.18264168917521528
EID_9257,0.19563288831361156
EID_14917,0.202851631945754
EID_22052,0.1974390254238467
EID_1198,0.18337995438796684
EID_8478,0.1761154956789382
EID_2071,0.18313174608688926
EID_1250,0.18291938565918375
EID_9000,0.19785184221067587
EID_17319,0.19137030987636358
EID_21794,0.20385592776585892
EID_23350,0.19692106970975842
EID_16278,0.1876301151051084
EID_3330,0.17869752665227412
EID_12584,0.20024270297378152
EID_9354,0.19364748845691834
EID_15007,0.19574787449177106
EID_11656,0.191624696363598
EID_22526,0.19979187392848757
EID_11027,0.19048680805998405
EID_21588,0.19160311192146542
EID_13717,0.19272013357243065
EID_8073,0.18799001152631678
EID_15972,0.19323580885516647
EID_5730,0.17928686148371908
EID_23968,0.18263001914625376
EID_4299,0.1866652642449616
EID_6302,0.1921035389835173
EID_6974,0.18152052745206393
EID_4829,0.17734148194539204
EID_21139,0.17851719686285192
EID_23456,0.18810123994828576
EID_20110,0.18666999805174117
EID_20342,0.1827703289950015
EID_15238,0.19515192280707536
EID_10349,0.19821285622712637
EID_10077,0.19097895165574746
EID_22330,0.18927412222072168
EID_4368,0.1941241898568199
EID_8859,0.18206469028350297
EID_24277,0.19048732442166003
EID_1061,0.18592125647520655
EID_5597,0.18878477157555135
EID_4820,0.19397120201932708
EID_5863,0.1889966464239743
EID_23680,0.19327133351750397
EID_5542,0.1798956867000778
EID_6203,0.17640603519042783
EID_5355,0.18685643298120158
EID_19669,0.1977723254378553
EID_21725,0.1849678163555068
EID_2138,0.18231278753534733
EID_24278,0.197720819081405
EID_6591,0.1878234693276926
EID_21056,0.18372408640466587
EID_18759,0.1932590883769226
EID_12059,0.1947102491141978
EID_11077,0.20255063609324336
EID_17216,0.19698051388048948
EID_15655,0.1944973234794439
EID_19017,0.1925452608169167
EID_17846,0.19193067362972896
EID_6418,0.17704905596456597
EID_25942,0.18987869993108614
EID_5420,0.19110134375623383
EID_11764,0.19096002712766785
EID_16483,0.2095036361637616
EID_1901,0.17432071902044036
EID_21480,0.18749778248155657
EID_8006,0.19248448563530698
EID_1282,0.18252173857122034
EID_6895,0.186899404306327
EID_13677,0.18868363205563066
EID_6071,0.18625924995014123
EID_14425,0.19255826749641575
EID_22685,0.1886910023126611
EID_20203,0.18686482597605822
EID_19161,0.19051277774252415
EID_1947,0.18461637065782718
EID_16574,0.18833738938178243
EID_2561,0.18656708014961543
EID_20668,0.18478532198799816
EID_7831,0.19426168543976066
EID_8769,0.17552005110826385
EID_25191,0.1853114468433053
EID_15590,0.19301414575836615
EID_12458,0.19759651662414585
EID_11406,0.185891732136463
EID_17629,0.18575257408604318
EID_4632,0.17472528029909962
EID_18455,0.1833780196832701
EID_23077,0.19474827017057658
EID_25024,0.1901171532314321
EID_6269,0.18969508520581876
EID_12100,0.18342237210482754
EID_23190,0.18564889170470086
EID_9030,0.19092318422537258
EID_12359,0.18210182858809082
EID_12041,0.18775414062415094
EID_2019,0.17842212155507708
EID_22974,0.19311690267508191
EID_10351,0.18606495476022564
EID_23630,0.18668619306098755
EID_7309,0.18516506581540576
EID_19821,0.20239786355953282
EID_4033,0.18979369844787985
EID_3435,0.1828706731483433
EID_5759,0.18368522186129632
EID_12826,0.18954394515842565
EID_8148,0.19739907878291185
EID_16088,0.1920190446942446
EID_15783,0.19430578059670542
EID_19521,0.19483967948847208
EID_13016,0.19124806992092064
EID_13708,0.19464519011027492
EID_4237,0.18805440465323267
EID_3620,0.19674428845408587
EID_10042,0.19923581833211673
EID_8833,0.18047659923129464
EID_21028,0.18956900662676537
EID_3485,0.18192705039529317
EID_23372,0.1875585280921219
EID_19410,0.19453607827742003
EID_6598,0.19692889292523863
EID_25371,0.19727247890651542
EID_19483,0.19723871979337185
EID_22826,0.18427349561469433
EID_23606,0.19320077322792917
EID_9346,0.19300569990684555
EID_1608,0.18324838643692362
EID_1603,0.17971839668187295
EID_23041,0.191244724662871
EID_7801,0.18573000240409324
EID_22456,0.17965146458115658
EID_24428,0.19669955733321687
EID_10811,0.18225568252323807
EID_24566,0.19105955894372426
EID_2531,0.18770228787374832
EID_10878,0.183555864628791
EID_19548,0.1856211632763377
EID_11988,0.1940081185111631
EID_11378,0.19686913947820936
EID_9896,0.19575316008775517
EID_17323,0.18979881665205833
EID_24976,0.1949435586698974
EID_11249,0.18729300015953826
EID_20395,0.1837221124627628
EID_18262,0.19152913235437127
EID_14670,0.20195980057184018
EID_12880,0.19162370575292254
EID_1406,0.18707097786903276
EID_23014,0.18707458433467924
EID_5224,0.19584016050928
EID_3232,0.18680458375709683
EID_22327,0.1906356509161548
EID_2285,0.18019582318342847
EID_20468,0.18598338916693266
EID_4443,0.18013991992010833
EID_15641,0.18268389083310646
EID_8106,0.18898976196575132
EID_13958,0.18467220569604556
EID_10214,0.18947922876541037
EID_17739,0.18951046444237948
EID_13347,0.19122574480731255
EID_23453,0.19660573499413778
EID_1477,0.18714854225094235
EID_20224,0.18939270185364
EID_2362,0.19035982117241845
EID_21421,0.19496164787432596
EID_7860,0.1867290155756326
EID_10286,0.19745501561714637
EID_7184,0.17710881314829716
EID_21742,0.18471804518128213
EID_21610,0.19400512840113257
EID_19375,0.20042869177230052
EID_18564,0.19512591489254352
EID_19108,0.19016940101002455
EID_17928,0.19377282291476783
EID_25613,0.18605229718213068
EID_23787,0.19052896014227813
EID_2392,0.19582011170160932
EID_7574,0.18594934459172135
EID_9810,0.18181613421435702
EID_14332,0.20503821870769112
EID_20937,0.19515799677370624
EID_7827,0.1902942106954285
EID_7457,0.18899045261575864
EID_11152,0.1849381247509289
EID_12917,0.1956730009632157
EID_18590,0.2038272171732432
EID_15327,0.1935227877192344
EID_11687,0.1879470600479774
EID_5179,0.1787158477948098
EID_5623,0.1968040454179602
EID_25331,0.2042777203674995
EID_24386,0.19013493208363755
EID_6507,0.19675712104883628
EID_7842,0.18611442586256519
EID_12018,0.19550947168949703
EID_6640,0.19004788692820287
EID_9872,0.1867932092893255
EID_2331,0.19239021123562242
EID_19685,0.1920525264135365
EID_25701,0.18779037412954036
EID_25681,0.1895270045682695
EID_20151,0.18978245235307575
EID_8980,0.18541927006074296
EID_12719,0.19065464441780394
EID_20075,0.18946212479819802
EID_14984,0.18602716658331353
EID_8177,0.1814987295563421
EID_1360,0.19568095479508982
EID_24812,0.1892108964993813
EID_8480,0.18754693859745877
EID_14567,0.18691238097843157
EID_16194,0.19687995725636226
EID_10020,0.19330391330498872
EID_7321,0.19553253400052004
EID_15387,0.18293155921282558
EID_19419,0.19319478252003255
EID_20496,0.19364250978870257
EID_1308,0.19175311627202074
EID_14770,0.1930535886804699
EID_21893,0.18589794226516687
EID_10990,0.19115607815394067
EID_17521,0.18835011642400312
EID_15274,0.20249163831912662
EID_24001,0.1960016747381543
EID_4111,0.18990957249703833
EID_4284,0.18754958044853276
EID_19682,0.19719866875167094
EID_14871,0.1938243317970978
EID_18152,0.19412856750364627
EID_12520,0.18501531317087336
EID_4739,0.18597445476247806
EID_8424,0.1833266411978092
EID_23600,0.18457774340861374
EID_25891,0.1948409579179067
EID_11618,0.18303581698782906
EID_12674,0.19556383571822286
EID_5999,0.18645150898810176
EID_18063,0.1795341005295887
EID_14859,0.19803120227667642
EID_20353,0.1922758365305078
EID_22962,0.19379278589345064
EID_19650,0.18705014697080774
EID_6108,0.18572928634871014
EID_19012,0.1948690299536018
EID_22925,0.19247472085912168
EID_15619,0.2067405360893948
EID_19998,0.19402280366282396
EID_20052,0.18505793215527042
EID_25044,0.19144364948671497
EID_5422,0.17940113215054787
EID_15354,0.19203287786811787
EID_3804,0.17950104889377105
EID_23277,0.1910379598094708
EID_12336,0.18321711769101798
EID_24839,0.18461215480583779
EID_1651,0.19154723503457127
EID_24355,0.1845490011013659
EID_24276,0.1908271419399126
EID_10346,0.18155679897261984
EID_9579,0.1774823916275855
EID_23242,0.191040186974042
EID_23541,0.18890201812787316
EID_14741,0.18519290634292265
EID_7783,0.1875091736709131
EID_12569,0.20480332105807234
EID_3834,0.17502540068378777
EID_6799,0.1940408230228037
EID_15609,0.18568385271870977
EID_5496,0.19100962503030233
EID_5080,0.19918748085133461
EID_14834,0.19466634118682444
EID_18266,0.19334938744720329
EID_1182,0.17546765568237624
EID_6445,0.1863774649331345
EID_18656,0.18833901900857186
EID_24011,0.18282646228665042
EID_25093,0.1896932132613156
EID_11334,0.18461822997090704
EID_15785,0.18286727960039528
EID_8060,0.18064586749849695
EID_4349,0.18821529512000906
EID_22525,0.18551668745411626
EID_1231,0.1914014127193333
EID_2127,0.19106133677328285
EID_4047,0.18552782663066464
EID_12989,0.18842544608634174
EID_17726,0.1975222184802314
EID_1602,0.1981554455092886
EID_5945,0.17340261596546394
EID_15166,0.18969120871859127
EID_25317,0.19291784971760728
EID_18848,0.19026507375656723
EID_14455,0.19344009394885026
EID_9724,0.19596821122029706
EID_22697,0.18541165191598746
EID_16505,0.18582496296588982
EID_11616,0.1858585827625956
EID_10352,0.18527096950885497
EID_24093,0.17174795503109114
EID_11826,0.18742326959772387
EID_24211,0.19076113104533132
EID_14709,0.19155639449759146
EID_18747,0.19408646948294395
EID_16077,0.18782975100808286
EID_15440,0.18803349332088018
EID_4935,0.18614110877621357
EID_13791,0.18614588769722606
EID_16876,0.19663635660473366
EID_1335,0.1742421617055583
EID_19086,0.18945756644942444
EID_12872,0.1919187922560395
EID_11623,0.19026441062529675
EID_7807,0.18038650084924482
EID_9605,0.18609021636362305
EID_12736,0.18778411702349995
EID_20565,0.19234275962237937
EID_17225,0.1927437325685194
EID_19974,0.18871041673004205
EID_16045,0.18943225863226773
EID_2082,0.18596640999132485
EID_22219,0.1875367443444686
EID_19439,0.18966055389956127
EID_2979,0.1784236540936025
EID_24414,0.1887679949447886
EID_15148,0.20229936422067046
EID_10690,0.21065986011493285
EID_16346,0.1917940758674648
EID_22752,0.1928427971750574
EID_21746,0.19297682947186148
EID_1705,0.18071279196448456
EID_7498,0.19727648469108558
EID_6874,0.19538060048404604
EID_4543,0.1945899428800175
EID_8931,0.1915189524836852
EID_16435,0.1912348200936442
EID_16767,0.19678524462863353
EID_3058,0.18614253486436497
EID_16381,0.18472380632790664
EID_17190,0.18533213057640133
EID_7079,0.17761988594463918
EID_10191,0.1907300491839272
EID_1378,0.18925186085271012
EID_20222,0.18427883574574808
EID_6156,0.18994481351080586
EID_5975,0.19309995672887684
EID_18682,0.18972653595635444
EID_8837,0.17213850203179104
EID_24686,0.19309581813568144
EID_9869,0.2025873492568454
EID_14673,0.1858765778401312
EID_14443,0.18294424382466365
EID_21591,0.19387049527708983
EID_25240,0.1915937793507095
EID_18365,0.1945527970548243
EID_9260,0.1947078276670332
EID_10696,0.18576687051877055
EID_18012,0.18352629227507072
EID_17421,0.19658679122698333
EID_23615,0.1873461250939059
EID_14132,0.18511880705675718
EID_13168,0.19421569972216057
EID_16973,0.19723954893331164
EID_13426,0.19035721120882676
EID_1493,0.18489407076437414
EID_3994,0.18974925719537794
EID_10574,0.18308207975776922
EID_12394,0.1988774292256301
EID_4781,0.18582864927612733
EID_24911,0.19215493868149033
EID_3205,0.18326654169047593
EID_25568,0.19007997457456954
EID_4343,0.1903790111544548
EID_4330,0.18036003734498207
EID_12518,0.1951346760815601
EID_18426,0.19121621883166395
EID_3862,0.1917892783568313
EID_13478,0.1876337436780797
EID_5607,0.18167032378447595
EID_22353,0.18606172618330674
EID_18346,0.1957524111916824
EID_5978,0.1898064301243148
EID_3391,0.18914944907278158
EID_8525,0.1845573345177836
EID_5245,0.18065303203534885
EID_11791,0.1964776754768167
EID_22913,0.18210319691916438
EID_15587,0.19253106421818983
EID_4851,0.2032881447031445
EID_3432,0.17631151104673598
EID_13090,0.1784222317801058
EID_15117,0.1891761774953387
EID_22004,0.18818450936005768
EID_16053,0.19429640182058022
EID_16458,0.18405789007005685
EID_8021,0.18875583448929478
EID_24385,0.18521228904567144
EID_7053,0.1897443993541499
EID_13544,0.17921191273725567
EID_9014,0.1880435114898841
EID_9246,0.18344791348615785
EID_15642,0.1941707131038339
EID_12295,0.18804629647013124
EID_7925,0.18379492450176796
EID_18473,0.18641750719423747
EID_19427,0.1816738238084704
EID_17027,0.19015159044318697
EID_22093,0.19241167085089728
EID_25611,0.18643990841487595
EID_20490,0.19485094612619086
EID_4204,0.1924475181165581
EID_2604,0.18453341115050662
EID_16152,0.1917487704793241
EID_8563,0.18494118031379356
EID_18620,0.19083108591403877
EID_11012,0.1948882254267792
EID_19598,0.18863730779191074
EID_13159,0.18752977117162345
EID_13171,0.1916112623592718
EID_8374,0.17922724879888097
EID_9838,0.19611327135428322
EID_18489,0.19658764661138287
EID_17451,0.19969648416091743
EID_7269,0.18946639390152717
EID_20548,0.18589096658625373
EID_9466,0.18540249138909426
EID_16085,0.19343263379018089
EID_24082,0.1840315702017977
EID_5078,0.18219373045343185
EID_23951,0.1919548676262982
EID_8327,0.18982187142266432
EID_5904,0.18766275686297662
EID_11085,0.1797826361615534
EID_21437,0.19441457403954257
EID_7471,0.19820351461009958
EID_12046,0.19553507776847429
EID_18653,0.19330057272782808
EID_14175,0.18561135728308764
EID_5514,0.19375961403279404
EID_20148,0.1916114287304214
EID_14260,0.19850393201642735
EID_15574,0.19028469240871476
EID_7287,0.18938223651302288
EID_18889,0.19350288290102727
EID_13106,0.18284280981737303
EID_15448,0.18864666217146836
EID_25897,0.1897956439933454
EID_23758,0.19091398139330987
EID_23208,0.20468492111430844
EID_13646,0.1871312859555458
EID_5467,0.18827198030626394
EID_6022,0.18655338852721665
EID_10923,0.19056305712638164
EID_10408,0.19412811328803142
EID_4186,0.18393312882202723
EID_22022,0.18048978834535268
EID_16390,0.1873265932640125
EID_19493,0.192491882355497
EID_12519,0.19436543523595273
EID_23549,0.19934514204536186
EID_17612,0.19542663566311977
EID_25007,0.19526404358793858
EID_1949,0.18564386705097266
EID_23313,0.19385542393237512
EID_22516,0.17775894416944854
EID_21836,0.18209757908631674
EID_7268,0.19393937637266814
EID_8202,0.19599490155184895
EID_6613,0.2015525066672879
EID_2596,0.18352550991078542
EID_19849,0.18824688426376412
EID_11546,0.2018050000763774
EID_3942,0.18308343793748308
EID_7899,0.20102929037890466
EID_4802,0.18535247372249158
EID_6725,0.18283046978684822
EID_3835,0.18461318329797308
EID_9511,0.18688969566787256
EID_5757,0.19230602383972362
EID_24838,0.19135945763817402
EID_15225,0.19548920772036918
EID_8238,0.17962141937585765
EID_2826,0.18905872592538814
EID_20774,0.19103374138093313
EID_19311,0.17630280363790007
EID_12339,0.19515788577671025
EID_1583,0.19348713617773167
EID_1033,0.1875455795996296
EID_10764,0.1857933344529622
EID_17203,0.20313035926070638
EID_1345,0.1794837942062999
EID_4951,0.18743506778012772
EID_16956,0.19116439952966222
EID_9203,0.1798771196500757
EID_7021,0.19466581234959116
EID_8707,0.17971675028682355
EID_5209,0.18312225878458294
EID_20428,0.19150281705287772
EID_10913,0.19411154475428224
EID_11507,0.18666407228787948
EID_3693,0.1868640988251283
EID_22857,0.1902126960311783
EID_18744,0.18907487048133675
EID_19600,0.18931376549740803
EID_21336,0.19017853459748643
EID_17676,0.196009384210902
EID_1678,0.18438838127227178
EID_4889,0.18371959380178915
EID_9961,0.1927389279850523
EID_23386,0.20394557281858866
EID_19835,0.18680191026187098
EID_9519,0.17917604352885805
EID_5449,0.18995837275450833
EID_20640,0.18435347720508874
EID_16387,0.19556771166978804
EID_20293,0.18398037327319505
EID_2296,0.18926202269797118
EID_11827,0.18160579317001463
EID_21522,0.1984546337329494
EID_2767,0.17933422068988547
EID_2873,0.1847943796966765
EID_2603,0.18207950401014505
EID_2674,0.18078379206735443
EID_23682,0.18250337541364817
EID_13310,0.19683812596745207
EID_6523,0.18109757941167415
EID_13056,0.19149743457870172
EID_7244,0.18636642239741033
EID_1072,0.18137938599256154
EID_25833,0.19968912909914274
EID_11244,0.19494984764264617
EID_22918,0.18743965213253555
EID_16735,0.19890683250913904
EID_4201,0.1856519281426141
EID_5998,0.19193904892138725
EID_19254,0.19420605725837492
EID_16653,0.2001654319702627
EID_11729,0.19833851468812136
EID_19573,0.19141994931186834
EID_21463,0.1788365555571292
EID_5899,0.19140707973959162
EID_23613,0.20355300231750065
EID_8609,0.18797696875841371
EID_2660,0.1736389973082358
EID_1333,0.18951121414870425
EID_3212,0.19133141769743411
EID_7830,0.18832513990235036
EID_4372,0.17964976294704568
EID_15955,0.19135378172372106
EID_22059,0.1883217312942387
EID_22804,0.19405131621580596
EID_4700,0.18341889880745899
EID_14401,0.18654323844709983
EID_19971,0.19774952237327223
EID_10684,0.1898826407716214
EID_21512,0.17983933158728704
EID_16722,0.19094375129714952
EID_16012,0.1933603188539652
EID_19093,0.18186029363931805
EID_25636,0.19536873751840553
EID_10567,0.1946699883759479
EID_11601,0.19409184416245168
EID_25697,0.19755725398192364
EID_22131,0.19778091265624667
EID_8511,0.1800765836317009
EID_18114,0.19009835755292337
EID_12784,0.19286248825659205
EID_12820,0.19327515935814168
EID_4512,0.1786614014983151
EID_5837,0.18696430790910207
EID_12564,0.18766073941476605
EID_16737,0.1891268592682673
EID_25986,0.1945562960411786
EID_8729,0.19609098592565322
EID_4386,0.18095052043723953
EID_5223,0.18899330375086293
EID_1494,0.1875824246455126
EID_22699,0.18267019762901512
EID_1083,0.18620586955323704
EID_1329,0.18444113232834472
EID_3550,0.1891029338134296
EID_18845,0.19425196836274658
EID_17946,0.19653621165454277
EID_1712,0.17342210718600384
EID_12024,0.1952615456712634
EID_2974,0.18298480430458353
EID_12806,0.1867993287061384
EID_10396,0.19085735153453381
EID_3998,0.18434201811285714
EID_22451,0.18635336754855752
EID_12242,0.18843114518371246
EID_18599,0.20240404149700086
EID_9423,0.1871104145162746
EID_25347,0.1835331376712383
EID_20183,0.1977390926444554
EID_18079,0.18263245609579126
EID_10059,0.19001348205976004
EID_1322,0.17632880182261113
EID_18109,0.1959656058701457
EID_7325,0.17929102206086714
EID_6000,0.1852747674182372
EID_10760,0.19082470989078903
EID_24380,0.1800952960162222
EID_7070,0.18316083229943175
EID_2796,0.18483324949455018
EID_18860,0.18759318868930086
EID_13597,0.1927777316423533
EID_6858,0.1949602265993281
EID_14987,0.19781892718384425
EID_8902,0.19139276241318928
EID_9453,0.18776752589722817
EID_20605,0.18943791151587916
EID_16020,0.1921356198728559
EID_6335,0.17725313110495394
EID_1317,0.17955252948236528
EID_5575,0.18481277134097812
EID_17433,0.18799852924532928
EID_6238,0.18518118080030999
EID_10734,0.1787044353576881
EID_7661,0.18989795459451606
EID_9281,0.17177284056678999
EID_19259,0.20400223164069786
EID_9544,0.18049127251510944
EID_2572,0.1868890167799779
EID_12706,0.19272091697521482
EID_20500,0.1865457114850413
EID_19258,0.19230563524633518
EID_15915,0.19134189089427373
EID_25265,0.19150308746231312
EID_16567,0.19572095336831313
EID_19553,0.20351863817167606
EID_25403,0.1833033204589883
EID_10354,0.19456455346468937
EID_19522,0.19322221251981425
EID_20132,0.19208589728435027
EID_3363,0.18034518629877536
EID_15253,0.19307125022642305
EID_8368,0.19215579209245262
EID_3883,0.18759814235323782
EID_7323,0.18664324921737696
EID_16203,0.19349407082575237
EID_9080,0.19098568342330596
EID_12266,0.18665518410557422
EID_13777,0.19434203239016118
EID_24876,0.1834243057035767
EID_11961,0.18938567935325631
EID_25871,0.1811956513582607
EID_3563,0.19177343641297553
EID_3377,0.18454830044851675
EID_19924,0.19168789924709057
EID_4070,0.19385568576375334
EID_7727,0.19230387658537113
EID_2253,0.19000356095891016
EID_5056,0.1880281482605806
EID_16751,0.19998518140165011
EID_2105,0.18697497370144106
EID_14078,0.19144417375718267
EID_18779,0.1968923591171427
EID_2218,0.1915137328171389
EID_6130,0.20004782350536235
EID_21722,0.18948171745424264
EID_17748,0.19256097863876534
EID_21322,0.19208900192050218
EID_6016,0.1939840520519349
EID_20480,0.18512456649614406
EID_18843,0.19827862572784263
EID_7336,0.18752665507155
EID_4455,0.19273760666960002
EID_15206,0.19698874427025714
EID_15582,0.194973410049395
EID_22381,0.18940053087606676
EID_22606,0.18336721195160224
EID_12159,0.18885726653456977
EID_10027,0.1898312693788057
EID_4107,0.18089491098612936
EID_18932,0.19038084844832887
EID_1321,0.18560827281877604
EID_7759,0.1886347189619608
EID_21961,0.18282296982907736
EID_15289,0.19738760201032518
EID_23069,0.19668407761577633
EID_17187,0.19006991268885406
EID_25372,0.18933705506564913
EID_9787,0.1870650120398699
EID_9797,0.19201681112643726
EID_10831,0.19044461850927547
EID_24620,0.18471258214743358
EID_8715,0.1949517773526172
EID_13459,0.1907378161391631
EID_14031,0.19462136817850262
EID_14541,0.18539282177744207
EID_12395,0.18975632590952093
EID_7150,0.1895280590302749
EID_14422,0.19097843205777876
EID_19060,0.1893711356940113
EID_9338,0.191336353601287
EID_21042,0.20152011843680367
EID_8011,0.18431630262696647
EID_8102,0.19019466886814024
EID_11068,0.19345561746829384
EID_15461,0.1976003617849276
EID_18509,0.19130824416955827
EID_5796,0.18566721812441522
EID_19905,0.17704151205271584
EID_21609,0.18958228283799916
EID_14873,0.18730963671584844
EID_8033,0.18396809064628813
EID_21354,0.1908382454075214
EID_16377,0.20345063627472773
EID_10566,0.19378119673243585
EID_4791,0.17941841914304635
EID_20944,0.195875990702297
EID_24913,0.19102332829786278
EID_3868,0.17561908658510803
EID_10611,0.19132322561263404
EID_21702,0.19245119922166587
EID_9472,0.18275010095736977
EID_10746,0.1863848805852822
EID_17717,0.19219498847158867
EID_18535,0.1900374717158293
EID_23706,0.1915408842172824
EID_7039,0.1831132892703059
EID_23797,0.19534597346920307
EID_1574,0.18622910902753484
EID_5931,0.1792231583554561
EID_6468,0.1964940128561796
EID_15805,0.18862123386327306
EID_2988,0.1870379770481344
EID_21966,0.190040192676417
EID_16571,0.18766702417065084
EID_10082,0.18223325696791823
EID_8359,0.20070527854325373
EID_3200,0.18279948775105453
EID_2206,0.1864260056283591
EID_14234,0.18689834126626448
EID_12498,0.18643389339882913
EID_12009,0.19517969063114224
EID_12486,0.18725650617707498
EID_2679,0.1901301883187903
EID_25329,0.19566071170482574
EID_18268,0.19430216241173073
EID_18253,0.18831109463159354
EID_11915,0.1923393697176802
EID_2503,0.1729882755521468
EID_22110,0.1860874154451796
EID_9344,0.19172079966067157
EID_17568,0.18401082294263002
EID_1445,0.18602949207666164
EID_12971,0.18617213612792222
EID_14129,0.18176542230956297
EID_22888,0.19472066241679298
EID_17510,0.19270638243807936
EID_11722,0.19225629861960492
EID_18542,0.1858548006098375
EID_13158,0.19493699542849785
EID_2810,0.18625513426580065
EID_16559,0.18742802727130312
EID_1124,0.18944535613778118
EID_2137,0.17769105237198385
EID_13145,0.1833716669103868
EID_14181,0.19159089524098044
EID_24695,0.18093094332635226
EID_21367,0.19751695159668006
EID_13213,0.18892904535933477
EID_15852,0.1855953108647968
EID_9531,0.187091952343344
EID_6197,0.18929878893776206
EID_20012,0.18683362998406716
EID_10381,0.18601978296160349
EID_9136,0.19229869696345564
EID_12063,0.18532479854546818
EID_22318,0.18525373921795135
EID_24047,0.19141605474415102
EID_5834,0.19738222204221714
EID_4763,0.18705530158005437
EID_24096,0.1992797440653902
EID_13825,0.19119448792925298
EID_14326,0.19150313482783604
EID_10111,0.19177659081801657
EID_23362,0.19205676885149725
EID_8682,0.18762898568869496
EID_18727,0.1804904652712317
EID_20725,0.19683842845399988
EID_15976,0.18127617937193172
EID_17626,0.19676042982294742
EID_13302,0.18363883281990215
EID_11333,0.1917895264050226
EID_12305,0.1908526937206612
EID_4987,0.19196324873632467
EID_12132,0.19063820802308257
EID_14163,0.19053009121329173
EID_15666,0.19810475410945644
EID_19257,0.1881025778504259
EID_1591,0.18783174160412244
EID_5610,0.19352442954751822
EID_4835,0.19140062749518807
EID_5060,0.19394657491981612
EID_15897,0.18962351418879297
EID_9771,0.1980890197475947
EID_11486,0.19202959349613677
EID_14583,0.19220334781666065
EID_17832,0.19220765802293116
EID_6876,0.19145434517232504
EID_18560,0.1995962354003556
EID_1091,0.19157108535635992
EID_3837,0.18355966503522098
EID_8508,0.19722778965249696
EID_23640,0.19129467634779862
EID_13280,0.19102950601580596
EID_3352,0.17662397354647802
EID_13404,0.1917217634571288
EID_23565,0.1928732973425643
EID_24526,0.20389532638954427
EID_9254,0.18200598559976155
EID_8916,0.18238430201124448
EID_15227,0.19045053882867088
EID_11672,0.19932623069735816
EID_8926,0.18132924132428013
EID_25125,0.19247618436345035
EID_3170,0.17982011273819817
EID_24612,0.17920291799078492
EID_23932,0.1927382178764453
EID_11554,0.18813722278529244
EID_19854,0.19393497115394076
EID_16362,0.18991348657789342
EID_13195,0.18895907445454954
EID_25559,0.19554976611278468
EID_18526,0.19506169277099147
EID_23226,0.1845319428598875
EID_5873,0.18488288400277797
EID_11286,0.19167218142524192
EID_7573,0.1994833579089397
EID_11669,0.19172672283959497
EID_12639,0.1871816049102579
EID_12309,0.19694945422342156
EID_17566,0.19892484219153525
EID_3644,0.18963654795709994
EID_9921,0.18439406780566786
EID_14703,0.1980712083705051
EID_19366,0.18780939516691042
EID_12449,0.19609823273583646
EID_24591,0.18759107732815974
EID_4698,0.18949552804148775
EID_17657,0.19382717437395658
EID_24446,0.1952299152429949
EID_18528,0.1915186774131724
EID_8868,0.18768395196944415
EID_5820,0.1820344857913097
EID_24215,0.18974413395925183
EID_19176,0.20036442596286883
EID_6578,0.19169467139575572
EID_9672,0.1913461165295801
EID_10702,0.19055051718818733
EID_4741,0.1818175350985164
EID_24067,0.1898621255646843
EID_2416,0.18411052985507087
EID_12089,0.19207961457774145
EID_8392,0.2016276457048648
EID_16766,0.20071702733623284
EID_23137,0.18243830639849343
EID_24704,0.1906656697374964
EID_13184,0.18797400924564617
EID_21642,0.1947698787605879
EID_8050,0.18367899860758133
EID_20432,0.19193665236437804
EID_14456,0.19506015122447992
EID_7769,0.18055466205485662
EID_14077,0.19317326921706782
EID_17805,0.1840872542126401
EID_14927,0.19130111715428505
EID_7995,0.1947230472489115
EID_2297,0.18040791012231377
EID_7960,0.1798910199657777
EID_9481,0.1977201727183945
EID_2781,0.18919682940001112
EID_25571,0.19421517760670223
EID_12462,0.20381554470681937
EID_17761,0.18995587143425277
EID_22310,0.1940779100028143
EID_15161,0.18893762407853926
EID_3361,0.17998441716387098
EID_2166,0.17469843928557366
EID_1515,0.18117320109895785
EID_13787,0.20235103694827034
EID_23496,0.20006940076053786
EID_7820,0.19529517447595526
EID_14433,0.1972218650935631
EID_9405,0.1965142946395976
EID_4195,0.17981113932675297
EID_24190,0.1960749471619028
EID_20400,0.1854898353534335
EID_16111,0.19783454301668302
EID_5502,0.18398063421545097
EID_17381,0.19561452504191598
EID_22435,0.17423275496292454
EID_3060,0.19439851410805425
EID_19197,0.19382336129028724
EID_13311,0.19175185300848316
EID_14282,0.18189890638940434
EID_5849,0.18816487745735394
EID_19845,0.18372740762862821
EID_6965,0.18741658789475005
EID_5048,0.19426671181553767
EID_13766,0.188944362374879
EID_22269,0.1945380224781282
EID_4363,0.18483875897040491
EID_12215,0.18930827074892734
EID_14479,0.19486612450884722
EID_7348,0.184336044489026
EID_25664,0.19079598538944134
EID_4940,0.18507629609656343
EID_6877,0.19266746774549762
EID_8337,0.19547684839570476
EID_1775,0.17952807408434676
EID_13938,0.1908882152608294
EID_12735,0.18626489553267217
EID_16138,0.19108173279302115
EID_18586,0.18932712121086248
EID_16650,0.18936917554368518
EID_18259,0.18605413643802038
EID_19144,0.18328922244569096
EID_4483,0.18372303182100572
EID_10929,0.19246901059875549
EID_19882,0.17735351371178118
EID_3779,0.18172863737474962
EID_18678,0.19337756557948046
EID_7168,0.19946440660975828
EID_23279,0.19203411751880875
EID_17008,0.18959571179895604
EID_2795,0.1902999031498946
EID_1833,0.18871059334067036
EID_21026,0.18710739244325514
EID_20322,0.2004173321804211
EID_10026,0.1889090645482207
EID_7742,0.19185875412280012
EID_21792,0.2015478102679636
EID_14341,0.20524636409365926
EID_24634,0.18770369649751117
EID_3379,0.18465737837680896
EID_20627,0.19297702125677688
EID_8572,0.18851248518120886
EID_15104,0.17960992356587818
EID_12426,0.19468506361783075
EID_17588,0.18954511932102927
EID_20961,0.19475658182486735
EID_23260,0.18284542282206484
EID_7213,0.1942352900805724
EID_11851,0.19655757504750074
EID_5696,0.18724977578952695
EID_23011,0.18708871658848839
EID_2035,0.17937878521974804
EID_22461,0.19265212155012698
EID_23215,0.1882094623106063
EID_6913,0.17887159594139257
EID_5739,0.18611442586256519
EID_19814,0.1941754178418789
EID_20320,0.18027997760667136
EID_2043,0.18013090940862336
EID_21992,0.18696288923885418
EID_9324,0.1857151075558834
EID_3863,0.18832583270736702
EID_7513,0.1823258509686785
EID_11120,0.19958664540504756
EID_6548,0.19349209297525954
EID_23957,0.19066442816004303
EID_11408,0.18993789327349497
EID_24638,0.1824053586982598
EID_3908,0.18302583678817558
EID_17023,0.1908829224952986
EID_10902,0.19484866337936282
EID_3543,0.17841481156119252
EID_3633,0.18157896057460632
EID_3394,0.1824590350794617
EID_8619,0.18665993389722485
EID_13424,0.19307959281162507
EID_15405,0.19569302899133484
EID_21727,0.18808917125071312
EID_18916,0.18390656483397821
EID_3335,0.19358599515807096
EID_2811,0.17770250361638298
EID_8620,0.18185183069231037
EID_3249,0.17752570385834976
EID_22140,0.1895880315443195
EID_18934,0.189120296790445
EID_24271,0.1852419289481766
EID_2164,0.17846331389888032
EID_22961,0.18740628246016014
EID_25318,0.18196664673638552
EID_23064,0.18775286003131691
EID_1056,0.17642593347985375
EID_4389,0.1774708299500544
EID_6949,0.19008194225389102
EID_16133,0.18379502182970045
EID_8023,0.19375011953210905
EID_19426,0.19744046086235453
EID_12895,0.19621291657040352
EID_17667,0.20023782085010935
EID_14826,0.20895121749050433
EID_8807,0.19049191839062393
EID_13977,0.19036433606070058
EID_11167,0.19406631546478187
EID_22535,0.19251530941042486
EID_5357,0.18446428245647759
EID_1450,0.1817113833568759
EID_24647,0.188819314311004
EID_1516,0.18127024904130443
EID_10122,0.18742919003124275
EID_2423,0.1863645790339484
EID_4276,0.18391428693814924
EID_10610,0.19240838933844415
EID_5840,0.18178513097747287
EID_19117,0.19077924899913065
EID_1753,0.19021784595953592
EID_11679,0.1954576961978884
EID_12425,0.19034542945264454
EID_21118,0.18622381429998838
EID_1348,0.18482023413126053
EID_3143,0.18311579389733446
EID_12153,0.18817078417513455
EID_22834,0.19622423818151088
EID_14978,0.20350240998809171
EID_23361,0.19641503233546426
EID_5207,0.18170369087191302
EID_8395,0.18679434227011749
EID_2440,0.20057427421170715
EID_14196,0.20207621590808314
EID_16684,0.1821133907069725
EID_22520,0.19503499149596895
EID_14689,0.19124056540477422
EID_22890,0.1823761649266961
EID_18695,0.1874597046094595
EID_1275,0.17948460152904794
EID_6033,0.19611496990986801
EID_25616,0.18993315611629924
EID_6190,0.19004856125772196
EID_2964,0.17639600081505913
EID_24869,0.1820755041644877
EID_3319,0.18697373301311
EID_15857,0.19733287530155322
EID_4615,0.1782582378029367
EID_23926,0.18527927423043997
EID_15506,0.18877042497001034
EID_4168,0.1827777272890208
EID_23593,0.19081569037970797
EID_3108,0.18933120157037633
EID_22846,0.1871760124039158
EID_12618,0.17864772829235526
EID_20341,0.19436189909050003
EID_15441,0.19383255488611698
EID_20278,0.182582589745737
EID_19511,0.1922948868534377
EID_7832,0.1835961487782055
EID_7775,0.18780858428903258
EID_9409,0.18746618201400786
EID_11483,0.19235043768761212
EID_6657,0.1908893477650177
EID_10338,0.19805303026768337
EID_7683,0.184243937044161
EID_11854,0.1940829018044312
EID_17102,0.19704305568198754
EID_9882,0.18909656888572668
EID_19326,0.19816890480486715
EID_1670,0.17841884185559498
EID_17455,0.19547657595680504
EID_24867,0.1910412284248277
EID_22972,0.18483187763435122
EID_4679,0.1828225726546001
EID_7172,0.1901345995024349
EID_7401,0.19863585674385703
EID_13199,0.19650289807322346
EID_12244,0.19465540762505315
EID_12771,0.1965855365161288
EID_7230,0.1793088567349979
EID_19736,0.1891170013894035
EID_2755,0.18568864449939243
EID_19126,0.18231106850050677
EID_20949,0.18800441154955821
EID_4573,0.1776037826667828
EID_23671,0.18642404393755627
EID_11580,0.18228478561816394
EID_15600,0.18865352789941572
EID_17577,0.1910947145937865
EID_6773,0.1841888419138409
EID_9565,0.17130574613213853
EID_13401,0.1882407231999575
EID_17438,0.2074014875877608
EID_7604,0.19327135735859752
EID_1215,0.18727641134907405
EID_24765,0.18117207346895065
EID_2084,0.17995722812802536
EID_17898,0.19157805241514134
EID_9752,0.19617916862025545
EID_19867,0.19029191944259222
EID_5430,0.17777523488728042
EID_22617,0.18715757780005865
EID_23590,0.18814879907607412
EID_11131,0.19033069604633845
EID_1623,0.18689715145277008
EID_25390,0.18442955433032543
EID_23316,0.18887641777581513
EID_11595,0.18740345515775939
EID_10827,0.19355866511783482
EID_14787,0.1899259854131464
EID_18290,0.19211237079984486
EID_17889,0.18068981433854914
EID_7936,0.180862898109899
EID_12044,0.19815402990614522
EID_8205,0.1753960731220319
EID_22950,0.1873281498975508
EID_4965,0.19135346020011243
EID_24073,0.19397221348842442
EID_4946,0.1885823456956352
EID_14618,0.2025385231173959
EID_17692,0.19133573613972346
EID_23220,0.18240909011630904
EID_24364,0.19502643832509564
EID_20216,0.17873545171958333
EID_24865,0.18395551477962932
EID_11009,0.18476234583049053
EID_6889,0.1898932423244441
EID_10375,0.19650811005922492
EID_11917,0.18682876703202114
EID_25323,0.18741227498941782
EID_21841,0.19621294634955116
EID_25278,0.1935971025172854
EID_17857,0.19389245757355555
EID_2991,0.1881952520230043
EID_23822,0.1749406536861051
EID_12098,0.18512476458192578
EID_14665,0.1963795708036639
EID_25373,0.19168084630938342
EID_22143,0.18663992653453382
EID_4000,0.17510664776477802
EID_2951,0.179588995761488
EID_8610,0.18055471134800075
EID_6998,0.18826437523428233
EID_21972,0.18943806175953426
EID_3582,0.17661791298626933
EID_18220,0.1931326604825027
EID_12381,0.18938653222016621
EID_15689,0.18864847207813937
EID_12239,0.19226426068749786
EID_3987,0.18506876202079423
EID_20164,0.1934720953958855
EID_1654,0.1853868016126245
EID_25583,0.19664121662980305
EID_22736,0.19025759111110868
EID_22169,0.19402341556579777
EID_9495,0.1898773905422066
EID_2465,0.18999167501203396
EID_1659,0.19674842012296553
EID_4509,0.18652482431600903
EID_15264,0.199819250182483
EID_9494,0.18522493356620398
EID_23657,0.19984133023297282
EID_10376,0.18930925505034643
EID_25277,0.1911009479728568
EID_15121,0.19403763465970383
EID_14760,0.1981598638530271
EID_9160,0.1974784915963169
EID_18574,0.18554960819947708
EID_2977,0.18626728549345148
EID_4745,0.19585339516783187
EID_6762,0.17557703259432367
EID_2682,0.18461942077622556
EID_19172,0.19557308673748214
EID_1013,0.19488014456722197
EID_1242,0.18295114637019783
EID_10336,0.1831640355210132
EID_11247,0.19806619408209902
EID_4631,0.18617204277688687
EID_21660,0.18182756262959668
EID_6752,0.19411590456950234
EID_14409,0.19311418482237902
EID_21720,0.1872014437990272
EID_14495,0.1904646852107369
EID_15348,0.2027644797663302
EID_9610,0.18713784050476473
EID_10629,0.1863383845059464
EID_10182,0.18655941893151293
EID_10598,0.1903394439962205
EID_11065,0.20054706169724823
EID_16129,0.18394873679831153
EID_15572,0.19207310815762266
EID_21059,0.18525707939957747
EID_7812,0.1897917158896349
EID_15162,0.19195178509713912
EID_6911,0.18834684413939293
EID_17591,0.18857756588820004
EID_22638,0.2031096974505355
EID_3217,0.18682906343755948
EID_10116,0.18698588126710944
EID_23199,0.1880604726313449
EID_18844,0.1935913618870444
EID_19931,0.18776581309057477
EID_22215,0.17170730361189213
EID_14623,0.1919901439778031
EID_7884,0.185225679763215
EID_3197,0.17684432181832258
EID_11291,0.18729795227617707
EID_3320,0.18498848024181677
EID_12585,0.18033328612736163
EID_13592,0.1962917761500077
EID_11264,0.18645390477281173
EID_6997,0.18606367265314774
EID_2327,0.18066342204090285
EID_9340,0.19031005532596212
EID_14544,0.1906880876122714
EID_13055,0.19143735323974886
EID_14014,0.19041327276721712
EID_7429,0.1873932043430981
EID_19008,0.19395630477917272
EID_14283,0.19301215419213505
EID_10882,0.19341248228950847
EID_5194,0.18632288445672607
EID_23844,0.18913327497649512
EID_22628,0.20113667994934825
EID_10033,0.20040623509863814
EID_13281,0.19478076863447957
EID_23871,0.19551412566682877
EID_3621,0.19769643348149246
EID_12968,0.1921261725217273
EID_5819,0.17386891000082438
EID_6694,0.1881107683356906
EID_17656,0.1986445215138751
EID_8888,0.185847317972769
EID_14552,0.19007608788091754
EID_15342,0.19694263586938712
EID_7728,0.1880780171281245
EID_10331,0.19175908897147642
EID_5479,0.18028360723512565
EID_25526,0.1930804661160482
EID_12348,0.1936043082245273
EID_6196,0.1797195651603418
EID_3619,0.19009961543944334
EID_11280,0.19403639192209682
EID_18119,0.18231820096024626
EID_18058,0.19815744571263552
EID_20911,0.1951820348195128
EID_19840,0.20557738700049874
EID_11808,0.20277802989631313
EID_16265,0.1851893470145522
EID_25976,0.18518960076985108
EID_3872,0.1851868146378403
EID_23029,0.1888184614440941
EID_11745,0.1820959172682915
EID_9556,0.18241772454028382
EID_19748,0.19490368537630395
EID_23253,0.18878853801553247
EID_16237,0.1998354109512176
EID_11694,0.18085115625821974
EID_12824,0.1834055607857812
EID_12797,0.18915618187798028
EID_3524,0.1843519790128085
EID_10559,0.19996450689639703
EID_22844,0.18257027262354025
EID_22281,0.18004722221471053
EID_9535,0.17970818169297437
EID_1642,0.17984134239259297
EID_17630,0.20050939298159784
EID_15083,0.19704655466834184
EID_2690,0.18553319323409304
EID_12199,0.19004081883016116
EID_3449,0.2020203815394622
EID_12097,0.19233799417983796
EID_23272,0.18815792569840467
EID_6890,0.18634169888532204
EID_2438,0.18715257815060926
EID_6508,0.17833829469010948
EID_10772,0.18765471357723534
EID_6076,0.1853267494565297
EID_3045,0.18577776451807723
EID_24779,0.1945503164174072
EID_12553,0.19966062864139494
EID_24984,0.18661381136809793
EID_17157,0.18742185207923961
EID_11823,0.18356989738224794
EID_4765,0.19169432121003666
EID_16143,0.18491956650723085
EID_19658,0.1898367391230076
EID_12035,0.1957259014736604
EID_3481,0.18862807721016467
EID_12776,0.19055895720705526
EID_21160,0.1838751811824868
EID_11127,0.1921853334449854
EID_11784,0.20186481000264908
EID_17458,0.19985068312711854
EID_15653,0.18679375640906265
EID_25399,0.1942005504225233
EID_8799,0.18793868382138074
EID_14529,0.18735904999366146
EID_19407,0.194608844236601
EID_8224,0.18361644231534613
EID_21582,0.18978670504193687
EID_14807,0.18931997243902482
EID_17338,0.1868153234662037
EID_10635,0.19001761836285397
EID_16300,0.20141623673788872
EID_5155,0.1778635195708925
EID_11136,0.18665874721732134
EID_7716,0.19134330555323004
EID_13041,0.1936804066763995
EID_1572,0.18130979460187188
EID_2382,0.1728592920838128
EID_4568,0.18954168778477787
EID_25153,0.2017055896835983
EID_20523,0.18999118202626947
EID_2332,0.18552614288132419
EID_6143,0.18703016170705147
EID_19549,0.19035074962278875
EID_24568,0.18159426802865924
EID_23211,0.18654926420576023
EID_2342,0.17848612663265692
EID_2922,0.1797393523386483
EID_6026,0.19673607664218562
EID_10107,0.18094997155067938
EID_14855,0.18772705965832465
EID_18780,0.1942384982313997
EID_10578,0.1840448907970397
EID_3842,0.18599520036022418
EID_10225,0.1926385027279856
EID_15275,0.19193341910657014
EID_10740,0.1872967528928014
EID_9483,0.18725305603609305
EID_11262,0.19130766625903772
EID_24388,0.19259522243420588
EID_19271,0.1944059135736488
EID_15363,0.19591683300889906
EID_16555,0.1885557588787587
EID_7387,0.18959554623805847
EID_2692,0.19424370576475897
EID_19754,0.1896276531235
EID_10859,0.18957672726250857
EID_16618,0.19634049334173717
EID_1697,0.17850950056179007
EID_3764,0.19323233282078342
EID_4502,0.17899565799661082
EID_19240,0.1906769818928459
EID_22590,0.18939986456913085
EID_14056,0.18994695747570142
EID_20697,0.19163197906699259
EID_2505,0.18054811101495144
EID_23288,0.2017288758482591
EID_23373,0.19883036209820326
EID_18878,0.18972191950899142
EID_11857,0.18064353502859587
EID_25945,0.1884406269864877
EID_18242,0.18866841135638318
EID_22823,0.17310869642657192
EID_5625,0.19906763134080604
EID_6702,0.19053957209255024
EID_24252,0.192063545566928
EID_12704,0.1868707037249432
EID_1770,0.1812124063381924
EID_10159,0.19231336124767434
EID_3702,0.17955458676763017
EID_2688,0.18686559164039093
EID_19784,0.19628952126698643
EID_3636,0.18038876540984963
EID_14537,0.19318510845573822
EID_4878,0.18993459209885946
EID_10260,0.2012325008986601
EID_5154,0.1848488398753384
EID_21206,0.18744896408453812
EID_15511,0.1988690705766867
EID_8010,0.18524848877457414
EID_6249,0.18824494087330795
EID_7392,0.18634306220185823
EID_18362,0.1909390557869475
EID_14147,0.19408682396136565
EID_24826,0.19323028949059334
EID_10862,0.1947982658001307
EID_3088,0.18428553886021645
EID_2871,0.1939057443669367
EID_22681,0.19307644087739892
EID_3720,0.18392241945593202
EID_21540,0.18956082233663357
EID_3516,0.1815074243421447
EID_10969,0.19947281673535514
EID_11396,0.20025918491266476
EID_11407,0.19539456377337727
EID_19264,0.18577411320353876
EID_12406,0.19233162535496687
EID_19440,0.1840273287226068
EID_22729,0.19320101637570655
EID_21143,0.19544777382276146
EID_19936,0.1898293925929473
EID_13997,0.1876735887777764
EID_15533,0.1961083319411166
EID_22065,0.19479052600418295
EID_6600,0.18993211636185625
EID_15316,0.192693293456417
EID_10721,0.19540105491903803
EID_20630,0.19115868262639135
EID_17720,0.194960670531617
EID_7692,0.18737695786861988
EID_25004,0.1876101037311258
EID_1804,0.18236495683007437
EID_25207,0.20058291436563278
EID_7638,0.19168403779465254
EID_8179,0.1840934024766939
EID_23406,0.19304218993025446
EID_19285,0.1822459202645424
EID_15333,0.19681177269660807
EID_9685,0.1853497511802113
EID_15725,0.19001204158627294
EID_8302,0.18519119148396168
EID_10726,0.19591548587891597
EID_6168,0.1890155739783428
EID_16711,0.18583145261774864
EID_24881,0.20061783965371793
EID_15281,0.19619423853179546
EID_17428,0.19284098863411242
EID_2814,0.18908056033105286
EID_8717,0.1881346969457518
EID_4395,0.1910546228116245
EID_22871,0.17813818565770362
EID_22152,0.19904857026739925
EID_23649,0.18750077517652539
EID_24748,0.1884644798519988
EID_25426,0.18005453347448214
EID_13986,0.1920839081298754
EID_19704,0.19763015218586583
EID_15554,0.19481400142787947
EID_23100,0.18634556317105516
EID_25408,0.19764780279621164
EID_15870,0.18820179394079992
EID_4048,0.1867138346670966
EID_12712,0.1850216575936144
EID_1937,0.175091665713991
EID_14246,0.20122808743749268
EID_2569,0.19184549824334612
EID_6228,0.18872641443752589
EID_21309,0.18836011633933514
EID_16971,0.19236433788919066
EID_25273,0.1791935736746964
EID_8968,0.1744003950915769
EID_21475,0.19122658102008594
EID_1982,0.18002489220068854
EID_23627,0.18330247160337
EID_14209,0.19490217032787316
EID_22365,0.2007164270728582
EID_21031,0.19113888550430166
EID_16883,0.19364463379268862
EID_15734,0.19309801824669787
EID_20840,0.18866800994236751
EID_20792,0.18193367639046512
EID_2652,0.183123319078909
EID_3079,0.18776563598635865
EID_1425,0.18664481602294533
EID_17271,0.18703265232264624
EID_22724,0.19793425634378164
EID_23964,0.19449285067950609
EID_9333,0.18211815831291328
EID_12374,0.18833566606997737
EID_25107,0.19783110600910223
EID_22869,0.19300705584313269
EID_18753,0.18513696950868816
EID_16805,0.18716318564148607
EID_19994,0.18669232196042146
EID_3004,0.174678592320725
EID_12616,0.19839572002781894
EID_6090,0.18765746258320193
EID_3303,0.18828833877259388
EID_9435,0.18861856904041618
EID_1838,0.17344675209980498
EID_15681,0.19186136260654238
EID_17496,0.193351077196484
EID_8456,0.18486284730871105
EID_23174,0.19393386909849758
EID_8285,0.1902003187864903
EID_6547,0.18149803231849493
EID_23648,0.18885029837626197
EID_7958,0.18200921989520963
EID_19299,0.18693732141168032
EID_8699,0.18284216998314373
EID_14528,0.1923313457176885
EID_23167,0.19403114284444564
EID_25289,0.1901336244486704
EID_12802,0.19668347482652204
EID_15986,0.19367456134666527
EID_3609,0.18861754049564344
EID_2045,0.18387875215045643
EID_1788,0.19642500443366426
EID_22630,0.1800892524869148
EID_10542,0.1948859680262683
EID_13101,0.18658979739433146
EID_5159,0.19899023148771633
EID_18490,0.18465625192479818
EID_25693,0.17667403408481389
EID_20514,0.18263608651665475
EID_3713,0.18609332363138803
EID_11193,0.196419002401974
EID_6052,0.1873127995393391
EID_6986,0.19143624457665412
EID_9104,0.18925821351146999
EID_23058,0.19467211226581052
EID_3156,0.19879831598470685
EID_17660,0.19100155390056592
EID_17514,0.19186560809702485
EID_15370,0.19411398823260095
EID_12207,0.19790277263843287
EID_7351,0.19198953370319657
EID_24727,0.18724978024216912
EID_6356,0.1943836167339648
EID_15421,0.19681829692262698
EID_11772,0.19669191484538998
EID_14071,0.19980747596671777
EID_16359,0.18253018898950651
EID_16919,0.19780746089909312
EID_21496,0.18711639882093506
EID_10564,0.18331321849943388
EID_3773,0.17799138806687545
EID_9484,0.1933770122934424
EID_13601,0.18040817256140323
EID_13843,0.20074025153051014
EID_8774,0.19814346724901724
EID_7542,0.1797384074939604
EID_3388,0.19788862432121435
EID_17949,0.19031637257147793
EID_1815,0.17902380656926525
EID_10479,0.18414062170405804
EID_10722,0.18564608084247422
EID_3427,0.1965307216725409
EID_18205,0.18846179119643838
EID_21650,0.18418931287987292
EID_23124,0.18700624174249614
EID_4294,0.1919966034091637
EID_13366,0.18975283901053758
EID_13957,0.19345714510607342
EID_3578,0.19105355988568537
EID_24105,0.1931734588385838
EID_13186,0.19160167855909666
EID_24214,0.19127759462770694
EID_17251,0.1964497604616164
EID_23225,0.18861298554206019
EID_2152,0.19298821449491704
EID_10625,0.1941640990902995
EID_2044,0.17800688570433956
EID_7201,0.17853776183867812
EID_2405,0.19581787291725058
EID_22716,0.19719403625788262
EID_22728,0.18599317082464267
EID_21251,0.19744933685155544
EID_6915,0.18771121310102856
EID_14744,0.18802274242191472
EID_15814,0.19682541457612215
EID_6659,0.18966151638378864
EID_10991,0.18570838490204444
EID_6500,0.17652862939637753
EID_19121,0.1878093514790308
EID_6278,0.1868707574593078
EID_13236,0.1934067705492928
EID_5382,0.185303449155222
EID_6871,0.19292357420893216
EID_5012,0.174808584820694
EID_1268,0.19382501487229367
EID_6588,0.18189388958350863
EID_22163,0.18632473146343684
EID_11121,0.18496528434127518
EID_22615,0.1883864619296343
EID_7838,0.1960055599175624
EID_3344,0.18429808825416863
EID_25292,0.19046488010943152
EID_10730,0.18706589720341707
EID_10317,0.1889721004197982
EID_13443,0.1981827476971396
EID_10988,0.1833151095276726
EID_23091,0.1887599810701522
EID_1839,0.19603753744463379
EID_13892,0.1837339317405237
EID_1496,0.1903318390383623
EID_15045,0.19921023018155307
EID_3744,0.19804831594833544
EID_13010,0.1895433362551076
EID_9716,0.19151377435000919
EID_2993,0.17891335706218517
EID_23435,0.2006424409769828
EID_8587,0.18841377328626957
EID_22132,0.20094912461146056
EID_21413,0.19851118062226553
EID_11881,0.184528538704418
EID_19850,0.18588556173941198
EID_18460,0.18735405682631853
EID_17983,0.19602308425089174
EID_14888,0.19248319043761242
EID_14002,0.1985746900035975
EID_13524,0.1973851572661194
EID_4049,0.18961919155363996
EID_6535,0.18903233555450438
EID_10557,0.18920951479523812
EID_1313,0.18585006608122326
EID_12424,0.1912959197815342
EID_8210,0.18438120464804897
EID_22378,0.19585593564043477
EID_19644,0.17330492510111323
EID_8790,0.1899114489408584
EID_5778,0.19449882473326616
EID_23887,0.19364388496406454
EID_16103,0.187810365673721
EID_20604,0.19311222281577067
EID_17378,0.18862445068646932
EID_5566,0.18150000607882588
EID_24264,0.1965766199259644
EID_7814,0.1900160938064281
EID_1968,0.1866374440408345
EID_10282,0.19410053541912886
EID_13648,0.18355231535832717
EID_22376,0.1936066473020799
EID_3690,0.18211978337293713
EID_17871,0.18919888620867228
EID_19167,0.1888631224043768
EID_5366,0.19013340525611
EID_16996,0.1980511969965225
EID_1953,0.1816398910318188
EID_8760,0.19273020832890597
EID_20448,0.1945690963309017
EID_15787,0.19518136862670032
EID_18982,0.18501738173325716
EID_4388,0.18245833030119754
EID_22325,0.19756255580211535
EID_10189,0.1864508360382612
EID_21162,0.19083114135564103
EID_1032,0.1978898258417566
EID_12045,0.18603087114919178
EID_18324,0.18956070217924328
EID_15085,0.18912694734854518
EID_21927,0.19255209045646007
EID_13325,0.1971639423327564
EID_17801,0.19741702071681
EID_7678,0.18282178012970637
EID_17469,0.19097538057365437
EID_14318,0.19469367590794961
EID_16439,0.2026260658636454
EID_2307,0.16403964487941256
EID_20011,0.18968058720485906
EID_19381,0.17878227366976845
EID_14043,0.18605692411732927
EID_14774,0.19702953429351205
EID_22982,0.1938086405268261
EID_19092,0.18581857770640708
EID_13137,0.18935225682421697
EID_5738,0.18419670206017266
EID_19661,0.1860715226825142
EID_22570,0.18943371883538587
EID_16393,0.1878298204722086
EID_4256,0.18952104762543803
EID_17873,0.19206454323302674
EID_13832,0.19742314591173749
EID_17617,0.197417541203901
EID_3106,0.19292388982049108
EID_6567,0.18469649408214903
EID_4727,0.18989830133083868
EID_14518,0.1985183051116591
EID_1070,0.19151591627401882
EID_19385,0.19387207128363804
EID_20032,0.19916994866375165
EID_11714,0.18840319091346305
EID_23636,0.18122067334300612
EID_1985,0.17548454426021654
EID_5627,0.18096892080897486
EID_15171,0.19800336942970437
EID_8811,0.1795481337129746
EID_2163,0.17251621532037137
EID_8459,0.18089554213656805
EID_18138,0.20012159613862815
EID_17518,0.18990711775302233
EID_17432,0.18576358411732513
EID_25686,0.18047463733008776
EID_2470,0.18934575500611692
EID_16311,0.19433805797871154
EID_6903,0.19005315292263186
EID_11990,0.19854909853787084
EID_23460,0.18919966011741388
EID_25924,0.18602226720921522
EID_13985,0.18148455818141893
EID_5455,0.18601336946344982
EID_13427,0.19469753805651618
EID_24855,0.19066332153783425
EID_15532,0.19927638568232944
EID_8953,0.18209061796558942
EID_22683,0.19179553674018038
EID_22493,0.1897035231952224
EID_1451,0.18557292981599866
EID_20796,0.18881986814109444
EID_17281,0.19853764412652827
EID_7767,0.18705899289840805
EID_20838,0.20038285869869013
EID_17235,0.19298532698160764
EID_21615,0.19309226425177728
EID_6972,0.19110055435350937
EID_13930,0.19781177896748056
EID_4188,0.19342397709624218
EID_11277,0.18967645839550734
EID_18053,0.1924256730414857
EID_11288,0.18615125623613893
EID_1148,0.1844678509069576
EID_19216,0.18457113600273084
EID_7660,0.19210073520554588
EID_22805,0.19907869212378093
EID_11931,0.1976397534582928
EID_16921,0.1904959369779785
EID_4993,0.18917065697061192
EID_18070,0.19841514234809715
EID_15648,0.19290777940235246
EID_11404,0.18627993093750075
EID_14248,0.18576871488547822
EID_15424,0.19222696588453664
EID_8039,0.18954678053690577
EID_7094,0.1831410193532692
EID_13161,0.19315660324965273
EID_9293,0.1884448663106692
EID_4351,0.18730285394824014
EID_17259,0.19034973965891502
EID_2681,0.18899966196821255
EID_22123,0.19043798988249044
EID_8528,0.18264264782290177
EID_11798,0.19492975764414355
EID_20265,0.18848350154754467
EID_21396,0.19758635252150558
EID_12220,0.19069142642260903
EID_25722,0.20064871956656666
EID_21719,0.18474752979979447
EID_3506,0.18800968754682906
EID_2139,0.20007157951052434
EID_6562,0.18187712274445286
EID_4353,0.18659944112400415
EID_24392,0.19261348642737497
EID_11238,0.1914473169992282
EID_20617,0.19490646854108448
EID_21473,0.19067233533038608
EID_16837,0.19002363990768203
EID_1800,0.19726839996875464
EID_25849,0.19200131761438816
EID_9395,0.1940800690108894
EID_2415,0.18881724185145204
EID_9286,0.18532543644454494
EID_5081,0.19361981794936234
EID_22546,0.1914478994567027
EID_11932,0.19463138886499617
EID_16292,0.1968283332600113
EID_17882,0.20050646232446118
EID_20889,0.18801135438778172
EID_10031,0.18443976735720838
EID_21576,0.19244168830651287
EID_8256,0.19857315108869902
EID_2614,0.1852494170649645
EID_2098,0.18197930179699087
EID_10242,0.19201398234418704
EID_21993,0.19636961493869176
EID_22664,0.18519998061565535
EID_1919,0.17414468959241744
EID_11629,0.19420752758684837
EID_6840,0.18668561399870337
EID_25493,0.1893713603662911
EID_14968,0.18947907511817494
EID_25313,0.18816067781815052
EID_8035,0.18779909093454872
EID_8969,0.1977430115005113
EID_15223,0.19213837871437672
EID_6266,0.18723295849717345
EID_8184,0.18649543676226119
EID_19480,0.1930642379999125
EID_19076,0.18822729354287202
EID_16339,0.19863309994322215
EID_7963,0.18632729264071482
EID_17427,0.1862312733242102
EID_12641,0.18512382930711918
EID_4122,0.19342363332518092
EID_23659,0.18129451375360198
EID_13486,0.18207164579896584
EID_18423,0.1877747402882607
EID_2181,0.1771247912542259
EID_25490,0.18256366718806302
EID_9211,0.18062097884901884
EID_5237,0.18723366200955055
EID_2418,0.19053761957053172
EID_17716,0.19633669691220434
EID_13837,0.2067234682780351
EID_2840,0.1934813509704887
EID_13004,0.1995630747026945
EID_14429,0.19070618719630653
EID_18915,0.19655697022878216
EID_22415,0.19251193741735925
EID_4304,0.18741252702908903
EID_10753,0.1938738277781711
EID_22612,0.1861910489557754
EID_1857,0.1884923992406726
EID_3566,0.19390169682767058
EID_8545,0.1937362450393279
EID_21685,0.18949902702784205
EID_9946,0.17923151758640463
EID_20447,0.19384751159897684
EID_3887,0.1854735219407092
EID_8351,0.18896925795706285
EID_23889,0.19099075648105596
EID_8248,0.1861191446698084
EID_16621,0.19311159815582848
EID_25138,0.19533193159363657
EID_10004,0.186232032392313
EID_5522,0.1864604474629066
EID_23416,0.194193038217442
EID_14897,0.18484939064388686
EID_10840,0.18689397093750268
EID_21716,0.19402680560443203
EID_18484,0.19514973935019547
EID_7402,0.18743268464382518
EID_24854,0.19203014347540187
EID_1610,0.19008730885731942
EID_17592,0.19950488242157471
EID_22128,0.19356494860783255
EID_17304,0.1972017400909714
EID_1508,0.18899976384309897
EID_20492,0.18107868230605073
EID_2324,0.18825154665082353
EID_17093,0.18754118609937173
EID_23356,0.19110314971224052
EID_17895,0.1888686252373269
EID_8186,0.1836249055845805
EID_19358,0.19414765276321655
EID_6030,0.1943798935603244
EID_17457,0.19134330100627608
EID_14976,0.18488981623904244
EID_8914,0.18423196643843007
EID_5721,0.185500408490007
EID_11266,0.20128693163182265
EID_17012,0.19349685591173293
EID_7554,0.18634612897439312
EID_3087,0.18705685224028545
EID_19716,0.1872979984899364
EID_21723,0.188432193504791
EID_13072,0.19655636655040554
EID_9776,0.18824006006868702
EID_25927,0.20383976188630637
EID_5593,0.19418134113492572
EID_13954,0.19322232070395703
EID_16034,0.19610812187369736
EID_1719,0.18893580768976181
EID_23054,0.18250668581612664
EID_15591,0.18840367353693704
EID_5178,0.18311292655586536
EID_24346,0.194985669265996
EID_21264,0.17937509378727093
EID_3292,0.1795213677688388
EID_14975,0.18947349250894124
EID_9165,0.18324510295406482
EID_23369,0.18666961869458573
EID_18767,0.19522549129399192
EID_10153,0.1879749639874425
EID_2542,0.18591934286389802
EID_23826,0.1986393445319627
EID_20391,0.1966855729485286
EID_8633,0.19624645662522008
EID_5875,0.18429692092746341
EID_12699,0.1909094682206554
EID_12982,0.1893869988940223
EID_16392,0.17769614985167556
EID_8185,0.19060416400976646
EID_15462,0.186893810761486
EID_4853,0.19108473830002315
EID_17622,0.1875126863377525
EID_23074,0.19527725210186966
EID_6390,0.1940015254906159
EID_24539,0.18658910838108148
EID_12963,0.182707159867027
EID_8649,0.18043465211209125
EID_11810,0.19533491770076553
EID_3598,0.19492077966593274
EID_13511,0.19475930346061499
EID_16014,0.19110678570311537
EID_24791,0.19615814249610863
EID_3417,0.17560265234539602
EID_24668,0.1833254533194673
EID_4508,0.18379878024406676
EID_25150,0.1858625876227903
EID_25934,0.18564880592847696
EID_6308,0.1903173088464987
EID_10508,0.1844425561208322
EID_18724,0.18532450440906265
EID_10536,0.19413252915256504
EID_18738,0.1879082992092454
EID_15949,0.1808308484786988
EID_20722,0.1852350278710702
EID_14963,0.19550734768551098
EID_6682,0.17784710824789862
EID_8365,0.1876963649143498
EID_17999,0.1969530219103243
EID_24499,0.1785005846412231
EID_20389,0.19638871147538098
EID_12123,0.1922598021727248
EID_19203,0.18878418604814484
EID_3538,0.18000053330053883
EID_19811,0.19906913283985925
EID_11473,0.18665963053297635
EID_3032,0.18578200327839473
EID_8419,0.19351400415755207
EID_9052,0.1902411249372397
EID_15837,0.19551097014441857
EID_6644,0.18327453864833448
EID_16894,0.19184961074363124
EID_10552,0.1784101900818818
EID_14750,0.1893769803625381
EID_16659,0.1952054799200093
EID_4472,0.18677219592214708
EID_4076,0.18077702536315554
EID_5163,0.18225715764672398
EID_25923,0.1982820136789162
EID_24806,0.18193027574430937
EID_3742,0.18609894867100432
EID_19722,0.185005997262644
EID_18033,0.19977662093260282
EID_16718,0.19326959570657176
EID_13182,0.19020354430186717
EID_23021,0.2071942234681717
EID_20329,0.19745781666113488
EID_8770,0.18256351553589745
EID_11234,0.1886085669700748
EID_18881,0.18887421981980806
EID_1365,0.19518835802135173
EID_19318,0.1852933956196488
EID_19343,0.19066597255769252
EID_4435,0.1913756513617217
EID_22102,0.19188047238236616
EID_24095,0.18698666347145526
EID_9897,0.19820485262636314
EID_21635,0.19024418919228495
EID_16514,0.18839701787640895
EID_1997,0.19358181755002163
EID_10324,0.19262181073007317
EID_6487,0.19215166435599423
EID_21197,0.19552336948770938
EID_19082,0.19451832520146067
EID_17562,0.19005615161071956
EID_8738,0.18713355063027404
EID_13687,0.17885960813747273
EID_19572,0.19012428936042483
EID_24909,0.19269661637619534
EID_21814,0.1744437245643773
EID_12083,0.1963190394449915
EID_25919,0.18576668121306003
EID_19140,0.19276390450670505
EID_23924,0.19148066090374755
EID_1208,0.18071996926386732
EID_18170,0.18667085015507384
EID_18699,0.1936601914385206
EID_1318,0.18772253518873963
EID_14941,0.19563782934612522
EID_6540,0.18824107493297465
EID_20936,0.19687055666304532
EID_9705,0.200858850323633
EID_24181,0.19500905593981718
EID_22138,0.18424836270040162
EID_23044,0.19877789469070029
EID_9038,0.18565423469528258
EID_3247,0.1843663404768311
EID_19630,0.18971758375438974
EID_8655,0.1998785705181805
EID_10423,0.18718748198954543
EID_3946,0.17959616430124148
EID_16512,0.19116439952966222
EID_12473,0.1944036830138873
EID_11571,0.18183724797100995
EID_14381,0.19620464782309907
EID_12675,0.20138089536347864
EID_1930,0.1861271363647728
EID_20155,0.1890897068354226
EID_22902,0.18379741167635633
EID_24145,0.19367665089061464
EID_5342,0.1863407652304927
EID_8334,0.1788482874507408
EID_25708,0.19269010904398146
EID_19991,0.19532777601318307
EID_5499,0.1895570214544586
EID_5953,0.18616475547147357
EID_7444,0.19182310614481723
EID_6218,0.19329169662450374
EID_12891,0.1851972395800347
EID_16456,0.19931069152702377
EID_20256,0.19241914892959022
EID_9959,0.19302927243055967
EID_8845,0.1884208952581735
EID_1662,0.1899750632381769
EID_8739,0.2033699051607377
EID_20695,0.19788646411470087
EID_19446,0.18729161253432508
EID_12441,0.18871747308275116
EID_13066,0.19678312985249044
EID_8911,0.18465033879235979
EID_22200,0.1923493915643274
EID_9689,0.17820618603398689
EID_1668,0.1827129689153635
EID_8120,0.19168505563259158
EID_22777,0.195846778534106
EID_19141,0.1904014004132674
EID_22674,0.18723309087586976
EID_16121,0.1866386759138412
EID_14662,0.1808595886309373
EID_23290,0.18923770798853765
EID_20144,0.1934090157223049
EID_23052,0.19795523626255918
EID_25575,0.19728573021920381
EID_23724,0.17752429946487663
EID_14759,0.18929638993071188
EID_25209,0.20001579180257575
EID_17753,0.18860393547953225
EID_4693,0.18109863069801407
EID_17284,0.18850262126715164
EID_9131,0.19998931917620347
EID_24625,0.19683838779883028
EID_24912,0.18692859718876842
EID_19612,0.17957156308371
EID_9147,0.1847334927078188
EID_6891,0.1824418469965883
EID_10639,0.1942761961441926
EID_5880,0.18334131629156342
EID_22547,0.19089148741989453
EID_10066,0.18745850155683053
EID_7126,0.17528339989108868
EID_4929,0.18253288973243784
EID_24750,0.18937013551042292
